original_request_url,time,reaction_count,scrape
https://www.facebook.com/groups/781347675284086/permalink/1702453069840204,2018-05-14 22:45:03,34.0,2022-09-15 15:00:41.437813
https://www.facebook.com/groups/781347675284086/permalink/1461504467268400,2017-09-01 04:29:49,52.0,2022-09-15 15:00:41.437813
https://www.facebook.com/groups/781347675284086/permalink/1857435097675333,2018-09-03 02:02:56,169.0,2022-09-15 15:00:41.437813
https://www.facebook.com/groups/781347675284086/permalink/2011394532279388,2018-12-27 02:16:54,39.0,2022-09-15 15:00:41.437813
https://www.facebook.com/groups/781347675284086/permalink/2422458634506307,2019-09-05 00:10:12,33.0,2022-09-15 15:00:41.437813
https://www.facebook.com/groups/781347675284086/permalink/2055417024543805,2019-01-26 11:31:31,48.0,2022-09-15 15:00:41.437813
https://www.facebook.com/groups/781347675284086/permalink/925676660851186,2015-12-01 11:33:30,35.0,2022-09-15 15:00:41.437813
https://www.facebook.com/groups/781347675284086/permalink/5582406461844826,2022-04-21 16:49:09,83.0,2022-09-15 15:00:41.437813
https://www.facebook.com/groups/781347675284086/permalink/5248784161873726,2022-01-04 12:53:07,543.0,2022-09-15 15:00:41.437813
https://www.facebook.com/groups/781347675284086/permalink/4335275143224637,2021-03-19 08:18:58,126.0,2022-09-15 15:00:41.437813
https://www.facebook.com/groups/781347675284086/permalink/5568185469933592,2022-04-16 04:26:24,496.0,2022-09-15 15:00:41.437813
https://www.facebook.com/groups/781347675284086/permalink/5591671247585014,2022-04-25 05:07:32,97.0,2022-09-15 15:00:41.437813
https://www.facebook.com/groups/781347675284086/permalink/1428726957212818,2017-07-26 03:19:14,30.0,2022-09-15 15:00:41.437813
https://www.facebook.com/groups/781347675284086/permalink/1378705642214950,2017-06-07 09:09:20,29.0,2022-09-15 15:00:41.437813
https://www.facebook.com/groups/781347675284086/permalink/1376201275798720,2017-06-05 07:22:30,108.0,2022-09-15 15:00:41.437813
https://www.facebook.com/groups/781347675284086/permalink/5673674766051328,2022-05-24 06:08:08,97.0,2022-09-15 15:00:41.437813
https://www.facebook.com/groups/781347675284086/permalink/1511096835642496,2017-10-28 04:19:09,31.0,2022-09-15 15:00:41.437813
https://www.facebook.com/groups/781347675284086/permalink/3979091378843017,2020-11-05 07:47:40,73.0,2022-09-15 15:00:41.437813
https://www.facebook.com/groups/781347675284086/permalink/1420725584679622,2017-07-18 04:52:50,5.0,2022-09-15 15:00:41.437813
https://www.facebook.com/groups/781347675284086/permalink/1016113311807520,2016-04-27 09:16:18,41.0,2022-09-15 15:00:41.437813
https://www.facebook.com/groups/781347675284086/permalink/3890495541035935,2020-10-04 14:50:31,64.0,2022-09-15 15:00:41.437813
https://www.facebook.com/groups/781347675284086/permalink/2446827465402757,2019-09-18 02:47:27,17.0,2022-09-15 15:00:41.437813
https://www.facebook.com/groups/781347675284086/permalink/4065550553530432,2020-12-06 11:07:43,121.0,2022-09-15 15:00:41.437813
https://www.facebook.com/groups/781347675284086/permalink/1561662653919247,2017-12-21 05:14:59,195.0,2022-09-15 15:00:41.437813
https://www.facebook.com/groups/781347675284086/permalink/5750789508339853,2022-06-20 02:50:59,130.0,2022-09-15 15:00:41.437813
https://www.facebook.com/groups/781347675284086/permalink/2635595796525922,2019-12-17 06:17:44,21.0,2022-09-15 15:00:41.437864
https://www.facebook.com/groups/781347675284086/permalink/3428996603852500,2020-07-01 06:49:03,34.0,2022-09-15 15:00:41.437864
https://www.facebook.com/groups/781347675284086/permalink/1727995927285918,2018-06-10 01:41:03,24.0,2022-09-15 15:00:41.437864
https://www.facebook.com/groups/781347675284086/permalink/1453835874701926,2017-08-23 09:05:12,19.0,2022-09-15 15:00:41.437864
https://www.facebook.com/groups/781347675284086/permalink/1685972448154933,2018-04-27 21:49:25,18.0,2022-09-15 15:00:41.437864
https://www.facebook.com/groups/781347675284086/permalink/1510262099059303,2017-10-27 05:42:33,21.0,2022-09-15 15:00:41.437864
https://www.facebook.com/groups/781347675284086/permalink/1799272586824918,2018-07-28 01:26:14,91.0,2022-09-15 15:00:41.437864
https://www.facebook.com/groups/781347675284086/permalink/1338553416230173,2017-04-25 08:19:58,97.0,2022-09-15 15:00:41.437864
https://www.facebook.com/groups/781347675284086/permalink/891243934294459,2015-09-12 14:34:06,28.0,2022-09-15 15:00:41.437864
https://www.facebook.com/groups/781347675284086/permalink/865642603521259,2015-07-24 07:01:17,53.0,2022-09-15 15:00:41.437864
https://www.facebook.com/groups/781347675284086/permalink/858632274222292,2015-07-08 05:35:21,155.0,2022-09-15 15:00:41.437864
https://www.facebook.com/groups/781347675284086/permalink/2127175460701294,2019-03-15 06:14:03,16.0,2022-09-15 15:00:41.437864
https://www.facebook.com/groups/781347675284086/permalink/4221343151284504,2021-02-05 12:13:08,51.0,2022-09-15 15:00:41.437864
https://www.facebook.com/groups/781347675284086/permalink/5697426187009519,2022-06-01 03:52:29,24.0,2022-09-15 15:00:41.437864
https://www.facebook.com/groups/781347675284086/permalink/1453962418022605,2017-08-23 12:57:09,20.0,2022-09-15 15:00:41.437864
https://www.facebook.com/groups/781347675284086/permalink/1524525974299582,2017-11-12 01:04:06,22.0,2022-09-15 15:00:41.437864
https://www.facebook.com/groups/781347675284086/permalink/1502180146534165,2017-10-18 06:48:55,33.0,2022-09-15 15:00:41.437864
https://www.facebook.com/groups/781347675284086/permalink/2437635966321907,2019-09-13 05:51:26,128.0,2022-09-15 15:00:41.437864
https://www.facebook.com/groups/781347675284086/permalink/4135198209898999,2021-01-03 14:20:52,66.0,2022-09-15 15:00:41.437864
https://www.facebook.com/groups/781347675284086/permalink/4015828798502608,2020-11-18 13:22:38,48.0,2022-09-15 15:00:41.437864
https://www.facebook.com/groups/781347675284086/permalink/915729685179217,2015-11-08 06:32:26,295.0,2022-09-15 15:00:41.437864
https://www.facebook.com/groups/781347675284086/permalink/5490789017673238,2022-03-17 07:38:17,25.0,2022-09-15 15:00:41.437864
https://www.facebook.com/groups/781347675284086/permalink/4826373447448135,2021-09-04 23:07:24,20.0,2022-09-15 15:00:41.437864
https://www.facebook.com/groups/781347675284086/permalink/990736844345167,2016-03-22 12:07:42,132.0,2022-09-15 15:00:41.437864
https://www.facebook.com/groups/781347675284086/permalink/2490826174336219,2019-10-11 07:43:32,10.0,2022-09-15 14:30:39.441064
https://www.facebook.com/groups/781347675284086/permalink/5586494334769372,2022-04-23 05:58:07,60.0,2022-09-15 14:30:39.441064
https://www.facebook.com/groups/781347675284086/permalink/836816213070565,2015-05-23 13:52:46,383.0,2022-09-15 14:30:39.441064
https://www.facebook.com/groups/781347675284086/permalink/1862811873804322,2018-09-07 13:59:19,16.0,2022-09-15 14:30:39.441064
https://www.facebook.com/groups/781347675284086/permalink/1454491487969698,2017-08-24 03:34:08,35.0,2022-09-15 14:30:39.441064
https://www.facebook.com/groups/781347675284086/permalink/1003787869706731,2016-04-06 04:10:16,103.0,2022-09-15 14:30:39.441064
https://www.facebook.com/groups/781347675284086/permalink/1073197899432394,2016-07-30 00:10:52,89.0,2022-09-15 14:30:39.441064
https://www.facebook.com/groups/781347675284086/permalink/1654503401301838,2018-03-26 14:52:09,30.0,2022-09-15 14:30:39.441064
https://www.facebook.com/groups/781347675284086/permalink/1086114314807419,2016-08-17 11:39:41,39.0,2022-09-15 14:30:39.441064
https://www.facebook.com/groups/781347675284086/permalink/2205943272824512,2019-05-04 13:09:44,19.0,2022-09-15 14:30:39.441064
https://www.facebook.com/groups/781347675284086/permalink/1218789868206529,2017-01-01 17:25:13,112.0,2022-09-15 14:30:39.441064
https://www.facebook.com/groups/781347675284086/permalink/1495735187178661,2017-10-11 12:19:36,49.0,2022-09-15 14:30:39.441064
https://www.facebook.com/groups/781347675284086/permalink/1479592635459583,2017-09-22 10:57:14,29.0,2022-09-15 14:30:39.441064
https://www.facebook.com/groups/781347675284086/permalink/1217809588304557,2017-01-01 06:35:59,56.0,2022-09-15 14:30:39.441064
https://www.facebook.com/groups/781347675284086/permalink/4007433259342162,2020-11-15 11:41:51,14.0,2022-09-15 14:30:39.441064
https://www.facebook.com/groups/781347675284086/permalink/1242599409158908,2017-01-23 01:37:18,88.0,2022-09-15 14:30:39.441064
https://www.facebook.com/groups/781347675284086/permalink/987523831333135,2016-03-18 06:11:19,33.0,2022-09-15 14:30:39.441064
https://www.facebook.com/groups/781347675284086/permalink/1559176560834523,2017-12-18 10:36:46,82.0,2022-09-15 14:30:39.441064
https://www.facebook.com/groups/781347675284086/permalink/1505665549518958,2017-10-22 02:34:58,169.0,2022-09-15 14:30:39.441064
https://www.facebook.com/groups/781347675284086/permalink/1730197930399051,2018-06-12 03:51:29,20.0,2022-09-15 14:30:39.441064
https://www.facebook.com/groups/781347675284086/permalink/1448740451878135,2017-08-17 07:57:25,24.0,2022-09-15 14:30:39.441064
https://www.facebook.com/groups/781347675284086/permalink/1466016003483913,2017-09-06 04:18:47,24.0,2022-09-15 14:30:39.441064
https://www.facebook.com/groups/781347675284086/permalink/2608064152612420,2019-12-04 13:32:11,170.0,2022-09-15 14:30:39.441064
https://www.facebook.com/groups/781347675284086/permalink/3489849817767178,2020-07-08 01:58:24,20.0,2022-09-15 14:30:39.441064
https://www.facebook.com/groups/781347675284086/permalink/805139299571590,2015-03-17 22:25:03,88.0,2022-09-15 14:30:39.441101
https://www.facebook.com/groups/781347675284086/permalink/1330692880349560,2017-04-17 05:58:54,39.0,2022-09-15 14:30:39.441101
https://www.facebook.com/groups/781347675284086/permalink/5591451657606973,2022-04-25 02:56:20,32.0,2022-09-15 14:30:39.441101
https://www.facebook.com/groups/781347675284086/permalink/3701192589966232,2020-08-03 10:00:48,25.0,2022-09-15 14:30:39.441101
https://www.facebook.com/groups/781347675284086/permalink/1312235558861959,2017-03-30 06:40:34,34.0,2022-09-15 14:30:39.441101
https://www.facebook.com/groups/781347675284086/permalink/904357812983071,2015-10-12 07:10:55,143.0,2022-09-15 14:30:39.441101
https://www.facebook.com/groups/781347675284086/permalink/1478661685552678,2017-09-21 10:38:41,57.0,2022-09-15 14:30:39.441101
https://www.facebook.com/groups/781347675284086/permalink/5230776867007789,2021-12-29 15:46:26,180.0,2022-09-15 14:30:39.441101
https://www.facebook.com/groups/781347675284086/permalink/889450011140518,2015-09-09 08:00:41,1400.0,2022-09-15 14:30:39.441101
https://www.facebook.com/groups/781347675284086/permalink/899497503469102,2015-09-29 23:17:15,73.0,2022-09-15 14:30:39.441101
https://www.facebook.com/groups/781347675284086/permalink/4409808719104612,2021-04-13 01:31:26,40.0,2022-09-15 14:30:39.441101
https://www.facebook.com/groups/781347675284086/permalink/3830281253724031,2020-09-15 08:21:50,33.0,2022-09-15 14:30:39.441101
https://www.facebook.com/groups/781347675284086/permalink/2519834078102095,2019-10-24 14:05:36,70.0,2022-09-15 14:30:39.441101
https://www.facebook.com/groups/781347675284086/permalink/2807662295985937,2020-03-08 07:17:24,272.0,2022-09-15 14:30:39.441101
https://www.facebook.com/groups/781347675284086/permalink/2210022452416594,2019-05-07 02:06:37,51.0,2022-09-15 14:30:39.441101
https://www.facebook.com/groups/781347675284086/permalink/2248465751905597,2019-05-29 07:08:29,26.0,2022-09-15 14:30:39.441101
https://www.facebook.com/groups/781347675284086/permalink/2135245359894304,2019-03-20 02:45:07,45.0,2022-09-15 14:30:39.441101
https://www.facebook.com/groups/781347675284086/permalink/3704092233009601,2020-08-04 10:06:28,38.0,2022-09-15 14:30:39.441101
https://www.facebook.com/groups/781347675284086/permalink/3735918749826949,2020-08-15 09:47:21,305.0,2022-09-15 14:30:39.441101
https://www.facebook.com/groups/781347675284086/permalink/1470220046396842,2017-09-11 09:17:38,72.0,2022-09-15 14:30:39.441101
https://www.facebook.com/groups/781347675284086/permalink/2001954359890072,2018-12-20 07:46:06,8.0,2022-09-15 14:30:39.441101
https://www.facebook.com/groups/781347675284086/permalink/1503015429783970,2017-10-19 04:18:51,73.0,2022-09-15 14:30:39.441101
https://www.facebook.com/groups/781347675284086/permalink/993501150735403,2016-03-25 06:17:25,77.0,2022-09-15 14:30:39.441101
https://www.facebook.com/groups/781347675284086/permalink/2342011445884360,2019-07-21 13:44:35,61.0,2022-09-15 14:30:39.441101
https://www.facebook.com/groups/781347675284086/permalink/4829864063765740,2021-09-06 03:42:16,20.0,2022-09-15 14:30:39.441101
https://www.facebook.com/groups/781347675284086/permalink/2153473661404807,2019-03-31 22:22:10,20.0,2022-09-15 14:00:43.077753
https://www.facebook.com/groups/781347675284086/permalink/4472069352878548,2021-05-05 07:54:11,92.0,2022-09-15 14:00:43.077753
https://www.facebook.com/groups/781347675284086/permalink/1177495375669312,2016-12-01 05:20:23,12.0,2022-09-15 14:00:43.077753
https://www.facebook.com/groups/781347675284086/permalink/1992079770877531,2018-12-13 00:57:42,85.0,2022-09-15 14:00:43.077753
https://www.facebook.com/groups/781347675284086/permalink/2208855562533283,2019-05-06 08:38:26,176.0,2022-09-15 14:00:43.077753
https://www.facebook.com/groups/781347675284086/permalink/1449591721793008,2017-08-18 08:18:04,19.0,2022-09-15 14:00:43.077753
https://www.facebook.com/groups/781347675284086/permalink/1530951426990370,2017-11-19 01:16:19,78.0,2022-09-15 14:00:43.077753
https://www.facebook.com/groups/781347675284086/permalink/5034050676680410,2021-11-09 07:45:09,41.0,2022-09-15 14:00:43.077753
https://www.facebook.com/groups/781347675284086/permalink/970460349706150,2016-02-19 01:21:00,156.0,2022-09-15 14:00:43.077753
https://www.facebook.com/groups/781347675284086/permalink/3566921306726695,2020-07-17 03:05:55,116.0,2022-09-15 14:00:43.077753
https://www.facebook.com/groups/781347675284086/permalink/3491556644263162,2020-07-08 07:03:45,29.0,2022-09-15 14:00:43.077753
https://www.facebook.com/groups/781347675284086/permalink/2578308508921318,2019-11-21 10:15:32,105.0,2022-09-15 14:00:43.077753
https://www.facebook.com/groups/781347675284086/permalink/2822549764497190,2020-03-13 10:46:58,29.0,2022-09-15 14:00:43.077753
https://www.facebook.com/groups/781347675284086/permalink/5411829478902526,2022-02-17 08:27:19,126.0,2022-09-15 14:00:43.077753
https://www.facebook.com/groups/781347675284086/permalink/2707522029333298,2020-01-19 14:20:22,83.0,2022-09-15 14:00:43.077753
https://www.facebook.com/groups/781347675284086/permalink/899152516836934,2015-09-29 01:45:59,27.0,2022-09-15 14:00:43.077753
https://www.facebook.com/groups/781347675284086/permalink/1603476816404497,2018-02-03 16:59:55,14.0,2022-09-15 14:00:43.077753
https://www.facebook.com/groups/781347675284086/permalink/2014711805280994,2018-12-29 12:17:43,13.0,2022-09-15 14:00:43.077753
https://www.facebook.com/groups/781347675284086/permalink/2195809000504606,2019-04-28 02:25:46,67.0,2022-09-15 14:00:43.077753
https://www.facebook.com/groups/781347675284086/permalink/899262630159256,2015-09-29 09:39:17,831.0,2022-09-15 14:00:43.077753
https://www.facebook.com/groups/781347675284086/permalink/3984171478335007,2020-11-07 02:57:58,70.0,2022-09-15 14:00:43.077753
https://www.facebook.com/groups/781347675284086/permalink/5823896871029116,2022-07-16 02:55:10,92.0,2022-09-15 14:00:43.077753
https://www.facebook.com/groups/781347675284086/permalink/1503143686437811,2017-10-19 08:42:16,17.0,2022-09-15 14:00:43.077753
https://www.facebook.com/groups/781347675284086/permalink/5519473521471454,2022-03-28 12:04:40,87.0,2022-09-15 14:00:43.077780
https://www.facebook.com/groups/781347675284086/permalink/5169085716510238,2021-12-15 14:53:19,51.0,2022-09-15 14:00:43.077780
https://www.facebook.com/groups/781347675284086/permalink/2124405254311648,2019-03-13 04:07:38,4.0,2022-09-15 14:00:43.077780
https://www.facebook.com/groups/781347675284086/permalink/1236943356391180,2017-01-17 03:15:50,64.0,2022-09-15 14:00:43.077780
https://www.facebook.com/groups/781347675284086/permalink/1657122511039927,2018-03-29 03:14:01,21.0,2022-09-15 14:00:43.077780
https://www.facebook.com/groups/781347675284086/permalink/2242526255832880,2019-05-26 03:48:53,39.0,2022-09-15 14:00:43.077780
https://www.facebook.com/groups/781347675284086/permalink/1245389132213269,2017-01-25 11:28:05,58.0,2022-09-15 14:00:43.077780
https://www.facebook.com/groups/781347675284086/permalink/1048507661901418,2016-06-20 14:23:30,54.0,2022-09-15 14:00:43.077780
https://www.facebook.com/groups/781347675284086/permalink/1702730133145831,2018-05-15 06:45:39,18.0,2022-09-15 14:00:43.077780
https://www.facebook.com/groups/781347675284086/permalink/1449582998460547,2017-08-18 07:59:32,23.0,2022-09-15 14:00:43.077780
https://www.facebook.com/groups/781347675284086/permalink/2403553363063501,2019-08-25 10:59:40,12.0,2022-09-15 14:00:43.077780
https://www.facebook.com/groups/781347675284086/permalink/937662379652614,2015-12-21 07:58:28,83.0,2022-09-15 14:00:43.077780
https://www.facebook.com/groups/781347675284086/permalink/1450993134986200,2017-08-19 23:03:40,63.0,2022-09-15 14:00:43.077780
https://www.facebook.com/groups/781347675284086/permalink/1499764450109068,2017-10-15 16:15:31,30.0,2022-09-15 14:00:43.077780
https://www.facebook.com/groups/781347675284086/permalink/3979480648804090,2020-11-05 11:27:54,186.0,2022-09-15 14:00:43.077780
https://www.facebook.com/groups/781347675284086/permalink/1247134178705431,2017-01-27 03:36:44,16.0,2022-09-15 14:00:43.077780
https://www.facebook.com/groups/781347675284086/permalink/4073538382731649,2020-12-09 12:56:05,27.0,2022-09-15 14:00:43.077780
https://www.facebook.com/groups/781347675284086/permalink/1471637526255094,2017-09-13 03:46:57,36.0,2022-09-15 14:00:43.077780
https://www.facebook.com/groups/781347675284086/permalink/2119138788171628,2019-03-09 07:03:30,26.0,2022-09-15 14:00:43.077780
https://www.facebook.com/groups/781347675284086/permalink/951918468227005,2016-01-15 13:45:56,99.0,2022-09-15 14:00:43.077780
https://www.facebook.com/groups/781347675284086/permalink/5583917138360425,2022-04-22 06:46:21,21.0,2022-09-15 14:00:43.077780
https://www.facebook.com/groups/781347675284086/permalink/4144399098978910,2021-01-07 11:52:24,115.0,2022-09-15 14:00:43.077780
https://www.facebook.com/groups/781347675284086/permalink/1240626546022861,2017-01-21 02:17:41,70.0,2022-09-15 14:00:43.077780
https://www.facebook.com/groups/781347675284086/permalink/1574613942624118,2018-01-04 10:46:01,52.0,2022-09-15 14:00:43.077780
https://www.facebook.com/groups/781347675284086/permalink/903875886364597,2015-10-10 23:49:58,288.0,2022-09-15 14:00:43.077780
https://www.facebook.com/groups/781347675284086/permalink/2313853295366842,2019-07-05 12:50:01,167.0,2022-09-15 13:30:39.528349
https://www.facebook.com/groups/781347675284086/permalink/5643699845715487,2022-05-14 03:05:00,339.0,2022-09-15 13:30:39.528349
https://www.facebook.com/groups/781347675284086/permalink/1403629846389196,2017-07-01 02:11:18,19.0,2022-09-15 13:30:39.528349
https://www.facebook.com/groups/781347675284086/permalink/2449367801815390,2019-09-19 11:33:53,357.0,2022-09-15 13:30:39.528349
https://www.facebook.com/groups/781347675284086/permalink/1525923627493150,2017-11-13 14:23:57,45.0,2022-09-15 13:30:39.528349
https://www.facebook.com/groups/781347675284086/permalink/5728901820528622,2022-06-12 07:08:28,13.0,2022-09-15 13:30:39.528349
https://www.facebook.com/groups/781347675284086/permalink/1420172608068253,2017-07-17 15:16:39,560.0,2022-09-15 13:30:39.528349
https://www.facebook.com/groups/781347675284086/permalink/1627357047349807,2018-02-28 03:09:20,22.0,2022-09-15 13:30:39.528349
https://www.facebook.com/groups/781347675284086/permalink/2119033688182138,2019-03-09 04:55:08,22.0,2022-09-15 13:30:39.528349
https://www.facebook.com/groups/781347675284086/permalink/1057442027674648,2016-07-05 10:47:37,76.0,2022-09-15 13:30:39.528349
https://www.facebook.com/groups/781347675284086/permalink/859350350817151,2015-07-10 00:12:24,130.0,2022-09-15 13:30:39.528349
https://www.facebook.com/groups/781347675284086/permalink/5698435753575229,2022-06-01 12:10:38,97.0,2022-09-15 13:30:39.528349
https://www.facebook.com/groups/781347675284086/permalink/1334702596615255,2017-04-21 12:37:59,34.0,2022-09-15 13:30:39.528349
https://www.facebook.com/groups/781347675284086/permalink/5869872739764862,2022-08-02 09:55:17,38.0,2022-09-15 13:30:39.528349
https://www.facebook.com/groups/781347675284086/permalink/1283042195114629,2017-03-04 08:01:17,13.0,2022-09-15 13:30:39.528349
https://www.facebook.com/groups/781347675284086/permalink/3960646807354141,2020-10-29 12:24:31,94.0,2022-09-15 13:30:39.528349
https://www.facebook.com/groups/781347675284086/permalink/3839737079445115,2020-09-18 09:10:09,13.0,2022-09-15 13:30:39.528349
https://www.facebook.com/groups/781347675284086/permalink/1230761240342725,2017-01-10 05:49:11,76.0,2022-09-15 13:30:39.528349
https://www.facebook.com/groups/781347675284086/permalink/2121966504555523,2019-03-11 08:55:40,13.0,2022-09-15 13:30:39.528349
https://www.facebook.com/groups/781347675284086/permalink/1041918489227002,2016-06-09 13:48:45,154.0,2022-09-15 13:30:39.528349
https://www.facebook.com/groups/781347675284086/permalink/915811145171071,2015-11-08 11:49:43,89.0,2022-09-15 13:30:39.528349
https://www.facebook.com/groups/781347675284086/permalink/5487475888004551,2022-03-16 02:14:07,147.0,2022-09-15 13:30:39.528349
https://www.facebook.com/groups/781347675284086/permalink/5281111778640964,2022-01-14 07:38:35,248.0,2022-09-15 13:30:39.528389
https://www.facebook.com/groups/781347675284086/permalink/1671101619642016,2018-04-12 07:02:37,12.0,2022-09-15 13:30:39.528389
https://www.facebook.com/groups/781347675284086/permalink/5167583129993830,2021-12-15 08:11:45,60.0,2022-09-15 13:30:39.528389
https://www.facebook.com/groups/781347675284086/permalink/1470833049668875,2017-09-12 03:01:48,15.0,2022-09-15 13:30:39.528389
https://www.facebook.com/groups/781347675284086/permalink/1587864031299109,2018-01-18 11:06:32,34.0,2022-09-15 13:30:39.528389
https://www.facebook.com/groups/781347675284086/permalink/1349833288435519,2017-05-08 02:54:01,58.0,2022-09-15 13:30:39.528389
https://www.facebook.com/groups/781347675284086/permalink/2354533344632170,2019-07-28 14:42:21,11.0,2022-09-15 13:30:39.528389
https://www.facebook.com/groups/781347675284086/permalink/5244441562307986,2022-01-03 00:23:13,92.0,2022-09-15 13:30:39.528389
https://www.facebook.com/groups/781347675284086/permalink/1866363256782517,2018-09-10 11:30:18,20.0,2022-09-15 13:30:39.528389
https://www.facebook.com/groups/781347675284086/permalink/5141078765977600,2021-12-07 08:12:49,898.0,2022-09-15 13:30:39.528389
https://www.facebook.com/groups/781347675284086/permalink/3490683967683763,2020-07-08 04:27:00,24.0,2022-09-15 13:30:39.528389
https://www.facebook.com/groups/781347675284086/permalink/1055052294580288,2016-07-01 07:06:18,47.0,2022-09-15 13:30:39.528389
https://www.facebook.com/groups/781347675284086/permalink/5278027552282720,2022-01-13 14:37:03,77.0,2022-09-15 13:30:39.528389
https://www.facebook.com/groups/781347675284086/permalink/1463666397052207,2017-09-03 11:50:15,39.0,2022-09-15 13:30:39.528389
https://www.facebook.com/groups/781347675284086/permalink/1611493248936187,2018-02-12 01:43:13,24.0,2022-09-15 13:30:39.528389
https://www.facebook.com/groups/781347675284086/permalink/1309543369131178,2017-03-27 11:11:49,25.0,2022-09-15 13:30:39.528389
https://www.facebook.com/groups/781347675284086/permalink/1289262877825894,2017-03-09 09:25:20,60.0,2022-09-15 13:30:39.528389
https://www.facebook.com/groups/781347675284086/permalink/892277920857727,2015-09-14 02:54:38,196.0,2022-09-15 13:30:39.528389
https://www.facebook.com/groups/781347675284086/permalink/3941080949310727,2020-10-22 07:44:51,25.0,2022-09-15 13:30:39.528389
https://www.facebook.com/groups/781347675284086/permalink/1610751842343661,2018-02-11 07:34:18,105.0,2022-09-15 13:30:39.528389
https://www.facebook.com/groups/781347675284086/permalink/5571960149556124,2022-04-17 15:29:00,434.0,2022-09-15 13:30:39.528389
https://www.facebook.com/groups/781347675284086/permalink/5720677484684389,2022-06-09 08:07:27,76.0,2022-09-15 13:30:39.528389
https://www.facebook.com/groups/781347675284086/permalink/1022319267853591,2016-05-08 03:24:51,26.0,2022-09-15 13:00:48.287249
https://www.facebook.com/groups/781347675284086/permalink/3355445631207598,2020-06-23 01:46:04,9.0,2022-09-15 13:00:48.287249
https://www.facebook.com/groups/781347675284086/permalink/4980699908682154,2021-10-23 08:26:50,27.0,2022-09-15 13:00:48.287249
https://www.facebook.com/groups/781347675284086/permalink/1918210851597757,2018-10-22 04:57:29,41.0,2022-09-15 13:00:48.287249
https://www.facebook.com/groups/781347675284086/permalink/5581805745238231,2022-04-21 11:48:46,29.0,2022-09-15 13:00:48.287249
https://www.facebook.com/groups/781347675284086/permalink/1211023178983198,2016-12-27 08:42:10,46.0,2022-09-15 13:00:48.287249
https://www.facebook.com/groups/781347675284086/permalink/5096752810410196,2021-11-28 04:26:19,45.0,2022-09-15 13:00:48.287249
https://www.facebook.com/groups/781347675284086/permalink/1125372027548314,2016-10-05 04:34:31,25.0,2022-09-15 13:00:48.287249
https://www.facebook.com/groups/781347675284086/permalink/4118189314933222,2020-12-27 10:39:06,81.0,2022-09-15 13:00:48.287249
https://www.facebook.com/groups/781347675284086/permalink/5258031917615617,2022-01-07 13:14:33,48.0,2022-09-15 13:00:48.287249
https://www.facebook.com/groups/781347675284086/permalink/3840000419418781,2020-09-18 11:18:37,38.0,2022-09-15 13:00:48.287249
https://www.facebook.com/groups/781347675284086/permalink/1568908606527985,2017-12-29 16:08:54,41.0,2022-09-15 13:00:48.287249
https://www.facebook.com/groups/781347675284086/permalink/5319814968103978,2022-01-22 14:36:09,241.0,2022-09-15 13:00:48.287249
https://www.facebook.com/groups/781347675284086/permalink/2307315826020589,2019-07-01 16:27:58,4.0,2022-09-15 13:00:48.287249
https://www.facebook.com/groups/781347675284086/permalink/1274758292609686,2017-02-24 03:39:06,33.0,2022-09-15 13:00:48.287249
https://www.facebook.com/groups/781347675284086/permalink/5652167068202098,2022-05-17 02:43:18,67.0,2022-09-15 13:00:48.287249
https://www.facebook.com/groups/781347675284086/permalink/5402296463189161,2022-02-14 08:21:00,17.0,2022-09-15 13:00:48.287249
https://www.facebook.com/groups/781347675284086/permalink/1470167946402052,2017-09-11 07:18:11,23.0,2022-09-15 13:00:48.287249
https://www.facebook.com/groups/781347675284086/permalink/2663050973780404,2019-12-30 03:09:47,55.0,2022-09-15 13:00:48.287249
https://www.facebook.com/groups/781347675284086/permalink/1086671618085022,2016-08-18 01:56:57,118.0,2022-09-15 13:00:48.287249
https://www.facebook.com/groups/781347675284086/permalink/2594298760655626,2019-11-28 08:07:28,18.0,2022-09-15 13:00:48.287249
https://www.facebook.com/groups/781347675284086/permalink/5712644722154332,2022-06-06 11:58:39,525.0,2022-09-15 13:00:48.287249
https://www.facebook.com/groups/781347675284086/permalink/783985025020351,2015-02-05 13:54:48,69.0,2022-09-15 13:00:48.287249
https://www.facebook.com/groups/781347675284086/permalink/1612594118826100,2018-02-13 06:43:56,32.0,2022-09-15 13:00:48.287249
https://www.facebook.com/groups/781347675284086/permalink/5471395752945898,2022-03-10 02:54:49,34.0,2022-09-15 13:00:48.287294
https://www.facebook.com/groups/781347675284086/permalink/1234797696605746,2017-01-14 17:59:25,178.0,2022-09-15 13:00:48.287294
https://www.facebook.com/groups/781347675284086/permalink/3892091300876359,2020-10-05 03:00:24,52.0,2022-09-15 13:00:48.287294
https://www.facebook.com/groups/781347675284086/permalink/911089495643236,2015-10-28 10:01:56,253.0,2022-09-15 13:00:48.287294
https://www.facebook.com/groups/781347675284086/permalink/4351572178261600,2021-03-25 14:16:21,20.0,2022-09-15 13:00:48.287294
https://www.facebook.com/groups/781347675284086/permalink/1222435941175255,2017-01-03 07:58:40,76.0,2022-09-15 13:00:48.287294
https://www.facebook.com/groups/781347675284086/permalink/5586709071414565,2022-04-23 08:06:32,73.0,2022-09-15 13:00:48.287294
https://www.facebook.com/groups/781347675284086/permalink/5717711881647616,2022-06-08 07:14:14,90.0,2022-09-15 13:00:48.287294
https://www.facebook.com/groups/781347675284086/permalink/790162481069272,2015-02-16 08:08:39,272.0,2022-09-15 13:00:48.287294
https://www.facebook.com/groups/781347675284086/permalink/3418598448225649,2020-06-30 01:20:58,31.0,2022-09-15 13:00:48.287294
https://www.facebook.com/groups/781347675284086/permalink/1012025388882979,2016-04-20 10:37:48,76.0,2022-09-15 13:00:48.287294
https://www.facebook.com/groups/781347675284086/permalink/1603471283071717,2018-02-03 16:51:28,9.0,2022-09-15 13:00:48.287294
https://www.facebook.com/groups/781347675284086/permalink/1349975888421259,2017-05-08 05:21:10,229.0,2022-09-15 13:00:48.287294
https://www.facebook.com/groups/781347675284086/permalink/1299092416842940,2017-03-17 05:37:34,22.0,2022-09-15 13:00:48.287294
https://www.facebook.com/groups/781347675284086/permalink/975794372506081,2016-02-28 12:49:52,621.0,2022-09-15 13:00:48.287294
https://www.facebook.com/groups/781347675284086/permalink/1035392053212979,2016-05-30 05:44:50,96.0,2022-09-15 13:00:48.287294
https://www.facebook.com/groups/781347675284086/permalink/1705329099552601,2018-05-18 01:09:32,6.0,2022-09-15 13:00:48.287294
https://www.facebook.com/groups/781347675284086/permalink/1440609476024566/,2017-08-08 05:16:43,23.0,2022-09-15 13:00:48.287294
https://www.facebook.com/groups/781347675284086/permalink/1713145262104318,2018-05-26 04:12:50,81.0,2022-09-15 13:00:48.287294
https://www.facebook.com/groups/781347675284086/permalink/909616345790551,2015-10-24 16:21:28,92.0,2022-09-15 13:00:48.287294
https://www.facebook.com/groups/781347675284086/permalink/1524779977607515,2017-11-12 08:21:03,24.0,2022-09-15 13:00:48.287294
https://www.facebook.com/groups/781347675284086/permalink/3925352434216912,2020-10-16 06:08:08,137.0,2022-09-15 13:00:48.287294
https://www.facebook.com/groups/781347675284086/permalink/2269130819839090,2019-06-10 01:41:18,13.0,2022-09-15 12:30:38.498471
https://www.facebook.com/groups/781347675284086/permalink/2687366911348810,2020-01-10 04:22:43,109.0,2022-09-15 12:30:38.498471
https://www.facebook.com/groups/781347675284086/permalink/5724379380980866,2022-06-10 14:44:18,109.0,2022-09-15 12:30:38.498471
https://www.facebook.com/groups/781347675284086/permalink/3138740322878131,2020-05-28 12:37:18,28.0,2022-09-15 12:30:38.498471
https://www.facebook.com/groups/781347675284086/permalink/2150561498362690,2019-03-30 02:56:19,13.0,2022-09-15 12:30:38.498471
https://www.facebook.com/groups/781347675284086/permalink/2500721526680017,2019-10-16 01:36:08,10.0,2022-09-15 12:30:38.498471
https://www.facebook.com/groups/781347675284086/permalink/1458314874254026,2017-08-28 16:43:50,16.0,2022-09-15 12:30:38.498471
https://www.facebook.com/groups/781347675284086/permalink/3786644284754395,2020-09-01 04:12:57,28.0,2022-09-15 12:30:38.498471
https://www.facebook.com/groups/781347675284086/permalink/4296864843732334,2021-03-04 13:14:33,202.0,2022-09-15 12:30:38.498471
https://www.facebook.com/groups/781347675284086/permalink/854339321318254,2015-06-28 05:47:51,62.0,2022-09-15 12:30:38.498471
https://www.facebook.com/groups/781347675284086/permalink/919916511427201,2015-11-18 13:27:09,16.0,2022-09-15 12:30:38.498471
https://www.facebook.com/groups/781347675284086/permalink/2011351628950345,2018-12-27 01:24:50,133.0,2022-09-15 12:30:38.498471
https://www.facebook.com/groups/781347675284086/permalink/5924425777642891,2022-08-22 05:35:29,57.0,2022-09-15 12:30:38.498471
https://www.facebook.com/groups/781347675284086/permalink/1994046414014200,2018-12-14 12:45:00,10.0,2022-09-15 12:30:38.498471
https://www.facebook.com/groups/781347675284086/permalink/1417588714993309,2017-07-15 01:44:38,28.0,2022-09-15 12:30:38.498471
https://www.facebook.com/groups/781347675284086/permalink/1141249185960598,2016-10-23 06:29:45,170.0,2022-09-15 12:30:38.498471
https://www.facebook.com/groups/781347675284086/permalink/5475348039217336,2022-03-11 13:25:42,161.0,2022-09-15 12:30:38.498471
https://www.facebook.com/groups/781347675284086/permalink/1716912231727621,2018-05-30 01:40:51,43.0,2022-09-15 12:30:38.498471
https://www.facebook.com/groups/781347675284086/permalink/1684413464977498,2018-04-26 05:48:26,130.0,2022-09-15 12:30:38.498471
https://www.facebook.com/groups/781347675284086/permalink/1058704937548357,2016-07-07 12:29:40,115.0,2022-09-15 12:30:38.498471
https://www.facebook.com/groups/781347675284086/permalink/1476016192483894,2017-09-18 03:23:41,16.0,2022-09-15 12:30:38.498471
https://www.facebook.com/groups/781347675284086/permalink/1269457766473072,2017-02-19 12:55:47,47.0,2022-09-15 12:30:38.498471
https://www.facebook.com/groups/781347675284086/permalink/5586274861457986,2022-04-23 03:53:39,74.0,2022-09-15 12:30:38.498471
https://www.facebook.com/groups/781347675284086/permalink/4306925586059593,2021-03-08 14:40:07,1100.0,2022-09-15 12:30:38.498471
https://www.facebook.com/groups/781347675284086/permalink/889424471143072,2015-09-09 07:07:21,693.0,2022-09-15 12:30:38.498560
https://www.facebook.com/groups/781347675284086/permalink/898478103571042,2015-09-27 10:49:26,118.0,2022-09-15 12:30:38.498560
https://www.facebook.com/groups/781347675284086/permalink/4112922585459895,2020-12-25 05:55:00,561.0,2022-09-15 12:30:38.498560
https://www.facebook.com/groups/781347675284086/permalink/1589450707807108,2018-01-20 02:39:12,19.0,2022-09-15 12:30:38.498560
https://www.facebook.com/groups/781347675284086/permalink/5704674539618017,2022-06-03 15:48:57,20.0,2022-09-15 12:30:38.498560
https://www.facebook.com/groups/781347675284086/permalink/1868980719854104,2018-09-12 10:17:41,144.0,2022-09-15 12:30:38.498560
https://www.facebook.com/groups/781347675284086/permalink/1990914397660735,2018-12-12 04:03:24,19.0,2022-09-15 12:30:38.498560
https://www.facebook.com/groups/781347675284086/permalink/5263683487050460,2022-01-09 13:49:10,54.0,2022-09-15 12:30:38.498560
https://www.facebook.com/groups/781347675284086/permalink/3428725003879660,2020-07-01 05:58:46,10.0,2022-09-15 12:30:38.498560
https://www.facebook.com/groups/781347675284086/permalink/5161694830582660,2021-12-13 14:50:39,24.0,2022-09-15 12:30:38.498560
https://www.facebook.com/groups/781347675284086/permalink/802892589796261,2015-03-13 12:34:03,149.0,2022-09-15 12:30:38.498560
https://www.facebook.com/groups/781347675284086/permalink/1413942228691291,2017-07-11 13:07:04,41.0,2022-09-15 12:30:38.498560
https://www.facebook.com/groups/781347675284086/permalink/5606454746106664,2022-04-30 16:24:49,30.0,2022-09-15 12:30:38.498560
https://www.facebook.com/groups/781347675284086/permalink/1653511221401056,2018-03-25 14:38:25,28.0,2022-09-15 12:30:38.498560
https://www.facebook.com/groups/781347675284086/permalink/4728040697281411,2021-08-03 06:23:36,62.0,2022-09-15 12:30:38.498560
https://www.facebook.com/groups/781347675284086/permalink/1192368887515294,2016-12-12 02:50:26,122.0,2022-09-15 12:30:38.498560
https://www.facebook.com/groups/781347675284086/permalink/1243172065768309,2017-01-23 14:31:09,37.0,2022-09-15 12:30:38.498560
https://www.facebook.com/groups/781347675284086/permalink/4414311651987652,2021-04-14 16:49:31,6.0,2022-09-15 12:30:38.498560
https://www.facebook.com/groups/781347675284086/permalink/5495919787160161,2022-03-19 04:48:32,387.0,2022-09-15 12:30:38.498560
https://www.facebook.com/groups/781347675284086/permalink/3333615666723928,2020-06-20 14:49:55,9.0,2022-09-15 12:30:38.498560
https://www.facebook.com/groups/781347675284086/permalink/5679532662132205,2022-05-26 07:46:56,130.0,2022-09-15 12:30:38.498560
https://www.facebook.com/groups/781347675284086/permalink/1446261022126078,2017-08-14 15:03:55,34.0,2022-09-15 12:30:38.498560
https://www.facebook.com/groups/781347675284086/permalink/2350382578380580,2019-07-26 05:22:30,73.0,2022-09-15 12:30:38.498560
https://www.facebook.com/groups/781347675284086/permalink/5186170014801808,2021-12-19 04:59:03,225.0,2022-09-15 12:30:38.498560
https://www.facebook.com/groups/781347675284086/permalink/3975630172522471,2020-11-03 23:47:26,34.0,2022-09-15 12:30:38.498560
https://www.facebook.com/groups/781347675284086/permalink/1068459976572853,2016-07-22 15:15:55,86.0,2022-09-15 12:00:40.814414
https://www.facebook.com/groups/781347675284086/permalink/1983828565035985,2018-12-07 10:48:21,35.0,2022-09-15 12:00:40.814414
https://www.facebook.com/groups/781347675284086/permalink/1954159454669563,2018-11-15 07:06:50,105.0,2022-09-15 12:00:40.814414
https://www.facebook.com/groups/781347675284086/permalink/1246098845475631,2017-01-26 02:05:38,71.0,2022-09-15 12:00:40.814414
https://www.facebook.com/groups/781347675284086/permalink/929316877153831,2015-12-07 01:49:11,49.0,2022-09-15 12:00:40.814414
https://www.facebook.com/groups/781347675284086/permalink/4293751620710323,2021-03-03 06:56:30,39.0,2022-09-15 12:00:40.814414
https://www.facebook.com/groups/781347675284086/permalink/4186591231426363,2021-01-23 07:05:36,59.0,2022-09-15 12:00:40.814414
https://www.facebook.com/groups/781347675284086/permalink/800423883376465,2015-03-09 01:05:25,107.0,2022-09-15 12:00:40.814414
https://www.facebook.com/groups/781347675284086/permalink/2252389978179841,2019-05-31 13:54:00,25.0,2022-09-15 12:00:40.814414
https://www.facebook.com/groups/781347675284086/permalink/1793751097377067,2018-07-24 14:04:30,44.0,2022-09-15 12:00:40.814414
https://www.facebook.com/groups/781347675284086/permalink/3191963777555785,2020-06-04 11:11:54,44.0,2022-09-15 12:00:40.814414
https://www.facebook.com/groups/781347675284086/permalink/5257830150969127,2022-01-07 11:46:09,20.0,2022-09-15 12:00:40.814414
https://www.facebook.com/groups/781347675284086/permalink/1111045878980929,2016-09-17 06:34:19,101.0,2022-09-15 12:00:40.814414
https://www.facebook.com/groups/781347675284086/permalink/1606172666134912,2018-02-06 15:15:40,15.0,2022-09-15 12:00:40.814414
https://www.facebook.com/groups/781347675284086/permalink/1645131552239023,2018-03-17 07:52:16,64.0,2022-09-15 12:00:40.814414
https://www.facebook.com/groups/781347675284086/permalink/1490542794364567,2017-10-05 15:15:06,95.0,2022-09-15 12:00:40.814414
https://www.facebook.com/groups/781347675284086/permalink/1121231814629002,2016-09-30 00:34:24,96.0,2022-09-15 12:00:40.814414
https://www.facebook.com/groups/781347675284086/permalink/1023013684450816,2016-05-09 07:15:09,17.0,2022-09-15 12:00:40.814414
https://www.facebook.com/groups/781347675284086/permalink/1868870183198491,2018-09-12 07:49:44,21.0,2022-09-15 12:00:40.814414
https://www.facebook.com/groups/781347675284086/permalink/1614766948608817,2018-02-15 13:30:47,14.0,2022-09-15 12:00:40.814414
https://m.facebook.com/groups/781347675284086/permalink/5959423500809785,2022-09-03 14:31:53,83.0,2022-09-15 12:00:40.814414
https://www.facebook.com/groups/781347675284086/permalink/5558197884265684,2022-04-12 07:59:26,101.0,2022-09-15 12:00:40.814414
https://www.facebook.com/groups/781347675284086/permalink/897732663645586,2015-09-25 09:03:32,93.0,2022-09-15 12:00:40.814445
https://www.facebook.com/groups/781347675284086/permalink/5714475668637904,2022-06-07 03:21:21,25.0,2022-09-15 12:00:40.814445
https://www.facebook.com/groups/781347675284086/permalink/1673018409450337,2018-04-14 06:37:01,111.0,2022-09-15 12:00:40.814445
https://www.facebook.com/groups/781347675284086/permalink/3500501883368638,2020-07-09 07:36:54,30.0,2022-09-15 12:00:40.814445
https://www.facebook.com/groups/781347675284086/permalink/2096944300391077,2019-02-22 08:24:01,10.0,2022-09-15 12:00:40.814445
https://www.facebook.com/groups/781347675284086/permalink/5655303501221788,2022-05-18 05:28:04,109.0,2022-09-15 12:00:40.814445
https://www.facebook.com/groups/781347675284086/permalink/897806940304825,2015-09-25 13:41:38,253.0,2022-09-15 12:00:40.814445
https://www.facebook.com/groups/781347675284086/permalink/1618735234878655,2018-02-19 12:30:35,22.0,2022-09-15 12:00:40.814445
https://www.facebook.com/groups/781347675284086/permalink/4261408777277941,2021-02-21 11:52:37,44.0,2022-09-15 12:00:40.814445
https://www.facebook.com/groups/781347675284086/permalink/1783296635089180,2018-07-18 03:55:42,12.0,2022-09-15 12:00:40.814445
https://www.facebook.com/groups/781347675284086/permalink/5165077030244440,2021-12-14 13:06:05,176.0,2022-09-15 12:00:40.814445
https://www.facebook.com/groups/781347675284086/permalink/891306704288182,2015-09-12 16:31:57,40.0,2022-09-15 12:00:40.814445
https://www.facebook.com/groups/781347675284086/permalink/1013203428765175,2016-04-22 11:03:17,53.0,2022-09-15 12:00:40.814445
https://www.facebook.com/groups/781347675284086/permalink/5875958595822943,2022-08-04 12:20:38,30.0,2022-09-15 12:00:40.814445
https://www.facebook.com/groups/781347675284086/permalink/5419089814843159,2022-02-19 14:11:32,20.0,2022-09-15 12:00:40.814445
https://www.facebook.com/groups/781347675284086/permalink/1808257742593069,2018-08-02 15:56:42,21.0,2022-09-15 12:00:40.814445
https://www.facebook.com/groups/781347675284086/permalink/1654360061316172,2018-03-26 11:56:38,69.0,2022-09-15 12:00:40.814445
https://www.facebook.com/groups/781347675284086/permalink/5192021867549956,2021-12-20 12:31:43,92.0,2022-09-15 12:00:40.814445
https://www.facebook.com/groups/781347675284086/permalink/5919958671422935,2022-08-20 14:07:18,298.0,2022-09-15 12:00:40.814445
https://www.facebook.com/groups/781347675284086/permalink/1483943755024471,2017-09-27 13:39:18,37.0,2022-09-15 12:00:40.814445
https://www.facebook.com/groups/781347675284086/permalink/1671092746309570,2018-04-12 06:47:45,16.0,2022-09-15 12:00:40.814445
https://www.facebook.com/groups/781347675284086/permalink/1615898958495616,2018-02-16 16:46:54,24.0,2022-09-15 12:00:40.814445
https://www.facebook.com/groups/781347675284086/permalink/1087369894681861,2016-08-19 02:08:44,88.0,2022-09-15 12:00:40.814445
https://www.facebook.com/groups/781347675284086/permalink/866595700092616,2015-07-26 03:32:59,63.0,2022-09-15 11:30:45.067582
https://www.facebook.com/groups/781347675284086/permalink/2142923032459870,2019-03-25 03:47:45,23.0,2022-09-15 11:30:45.067582
https://www.facebook.com/groups/781347675284086/permalink/5575877552497717,2022-04-19 04:55:56,494.0,2022-09-15 11:30:45.067582
https://www.facebook.com/groups/781347675284086/permalink/5131866626898814,2021-12-06 13:01:44,30.0,2022-09-15 11:30:45.067582
https://www.facebook.com/groups/781347675284086/permalink/2322277311191107,2019-07-10 07:38:40,10.0,2022-09-15 11:30:45.067582
https://www.facebook.com/groups/781347675284086/permalink/5337638636321611,2022-01-26 07:09:22,33.0,2022-09-15 11:30:45.067582
https://www.facebook.com/groups/781347675284086/permalink/804398936312293,2015-03-16 11:42:42,247.0,2022-09-15 11:30:45.067582
https://www.facebook.com/groups/781347675284086/permalink/5242667945818681,2022-01-02 10:45:34,81.0,2022-09-15 11:30:45.067582
https://www.facebook.com/groups/781347675284086/permalink/2273099276108911,2019-06-12 08:55:13,11.0,2022-09-15 11:30:45.067582
https://www.facebook.com/groups/781347675284086/permalink/1435846489834198,2017-08-03 02:10:53,64.0,2022-09-15 11:30:45.067582
https://www.facebook.com/groups/781347675284086/permalink/1282897668462415,2017-03-04 04:07:55,56.0,2022-09-15 11:30:45.067582
https://www.facebook.com/groups/781347675284086/permalink/2249843801767792,2019-05-30 01:34:11,9.0,2022-09-15 11:30:45.067582
https://www.facebook.com/groups/781347675284086/permalink/2229237380495101,2019-05-18 16:02:47,29.0,2022-09-15 11:30:45.067582
https://www.facebook.com/groups/781347675284086/permalink/5707092182709586,2022-06-04 13:01:07,80.0,2022-09-15 11:30:45.067582
https://www.facebook.com/groups/781347675284086/permalink/4811493112269502,2021-08-31 08:20:44,84.0,2022-09-15 11:30:45.067582
https://www.facebook.com/groups/781347675284086/permalink/789036084515245,2015-02-14 13:43:01,97.0,2022-09-15 11:30:45.067582
https://www.facebook.com/groups/781347675284086/permalink/4662233080528840,2021-07-11 08:50:06,45.0,2022-09-15 11:30:45.067582
https://www.facebook.com/groups/781347675284086/permalink/976865712398947,2016-03-01 12:53:27,76.0,2022-09-15 11:30:45.067582
https://www.facebook.com/groups/781347675284086/permalink/2399996196752551,2019-08-23 12:51:36,45.0,2022-09-15 11:30:45.067582
https://www.facebook.com/groups/781347675284086/permalink/2514357325316437,2019-10-22 02:12:14,6.0,2022-09-15 11:30:45.067582
https://www.facebook.com/groups/781347675284086/permalink/2367598779992293,2019-08-05 07:12:25,33.0,2022-09-15 11:30:45.067582
https://www.facebook.com/groups/781347675284086/permalink/1011341018951416,2016-04-19 03:47:21,194.0,2022-09-15 11:30:45.067582
https://www.facebook.com/groups/781347675284086/permalink/894983583920494,2015-09-19 05:45:20,120.0,2022-09-15 11:30:45.067582
https://www.facebook.com/groups/781347675284086/permalink/1576620982423414,2018-01-06 07:26:33,352.0,2022-09-15 11:30:45.067582
https://www.facebook.com/groups/781347675284086/permalink/2824855004266666,2020-03-14 07:19:30,123.0,2022-09-15 11:30:45.070346
https://www.facebook.com/groups/781347675284086/permalink/5233221563429986,2021-12-30 12:19:30,64.0,2022-09-15 11:30:45.070346
https://www.facebook.com/groups/781347675284086/permalink/2229139477171558,2019-05-18 14:55:37,39.0,2022-09-15 11:30:45.070346
https://www.facebook.com/groups/781347675284086/permalink/3801825813236242,2020-09-06 01:52:50,44.0,2022-09-15 11:30:45.070346
https://www.facebook.com/groups/781347675284086/permalink/5848823338536469,2022-07-25 08:20:30,69.0,2022-09-15 11:30:45.070346
https://www.facebook.com/groups/781347675284086/permalink/4956231671128978,2021-10-15 06:40:15,106.0,2022-09-15 11:30:45.070346
https://www.facebook.com/groups/781347675284086/permalink/930489120369940,2015-12-09 04:15:05,53.0,2022-09-15 11:30:45.070346
https://www.facebook.com/groups/781347675284086/permalink/1483958391689674,2017-09-27 14:03:55,18.0,2022-09-15 11:30:45.070346
https://www.facebook.com/groups/781347675284086/permalink/5864227920329344,2022-07-31 06:34:38,55.0,2022-09-15 11:30:45.070346
https://www.facebook.com/groups/781347675284086/permalink/5141333575952119,2021-12-07 10:08:11,463.0,2022-09-15 11:30:45.070346
https://www.facebook.com/groups/781347675284086/permalink/1730603517025159,2018-06-12 14:05:24,37.0,2022-09-15 11:30:45.070346
https://www.facebook.com/groups/781347675284086/permalink/1047639421988242,2016-06-19 02:18:22,135.0,2022-09-15 11:30:45.070346
https://www.facebook.com/groups/781347675284086/permalink/1804261349659375,2018-07-31 04:43:21,138.0,2022-09-15 11:30:45.070346
https://www.facebook.com/groups/781347675284086/permalink/1003331933085658,2016-04-05 10:46:11,68.0,2022-09-15 11:30:45.070346
https://www.facebook.com/groups/781347675284086/permalink/909868885765297,2015-10-25 07:51:43,14.0,2022-09-15 11:30:45.070346
https://www.facebook.com/groups/781347675284086/permalink/3333955326689962,2020-06-20 15:37:47,324.0,2022-09-15 11:30:45.070346
https://www.facebook.com/groups/781347675284086/permalink/1193636784055171,2016-12-13 07:40:29,110.0,2022-09-15 11:30:45.070346
https://www.facebook.com/groups/781347675284086/permalink/1660665540685624,2018-04-01 14:45:44,21.0,2022-09-15 11:30:45.070346
https://www.facebook.com/groups/781347675284086/permalink/5112534088832068,2021-12-01 09:42:09,31.0,2022-09-15 11:30:45.070346
https://www.facebook.com/groups/781347675284086/permalink/5901563936595742,2022-08-14 02:19:09,50.0,2022-09-15 11:30:45.070346
https://www.facebook.com/groups/781347675284086/permalink/1113393045412879,2016-09-20 03:34:53,73.0,2022-09-15 11:30:45.070346
https://www.facebook.com/groups/781347675284086/permalink/3713467428738748,2020-08-07 15:46:10,31.0,2022-09-15 11:30:45.070346
https://www.facebook.com/groups/781347675284086/permalink/5724145001004304,2022-06-10 13:15:00,57.0,2022-09-15 11:30:45.070346
https://www.facebook.com/groups/781347675284086/permalink/4918978398187639,2021-10-03 12:42:09,60.0,2022-09-15 11:30:45.070346
https://www.facebook.com/groups/781347675284086/permalink/1866351583450351,2018-09-10 11:17:14,130.0,2022-09-15 11:00:48.951869
https://www.facebook.com/groups/781347675284086/permalink/5972656619486473,2022-09-08 13:22:58,63.0,2022-09-15 11:00:48.951869
https://www.facebook.com/groups/781347675284086/permalink/918638038221715,2015-11-15 09:20:58,91.0,2022-09-15 11:00:48.951869
https://www.facebook.com/groups/781347675284086/permalink/1312274472191401,2017-03-30 07:51:03,8.0,2022-09-15 11:00:48.951869
https://www.facebook.com/groups/781347675284086/permalink/3311260715626090,2020-06-18 01:53:02,52.0,2022-09-15 11:00:48.951869
https://www.facebook.com/groups/781347675284086/permalink/1494694533949393,2017-10-10 09:09:51,53.0,2022-09-15 11:00:48.951869
https://www.facebook.com/groups/781347675284086/permalink/5591896337562505,2022-04-25 07:18:49,114.0,2022-09-15 11:00:48.951869
https://www.facebook.com/groups/781347675284086/permalink/1125577614194422,2016-10-05 12:09:21,48.0,2022-09-15 11:00:48.951869
https://www.facebook.com/groups/781347675284086/permalink/1257192937699555,2017-02-07 08:49:32,57.0,2022-09-15 11:00:48.951869
https://www.facebook.com/groups/781347675284086/permalink/2381799785238859,2019-08-13 11:48:11,81.0,2022-09-15 11:00:48.951869
https://www.facebook.com/groups/781347675284086/permalink/1044207082331476,2016-06-13 10:20:36,35.0,2022-09-15 11:00:48.951869
https://www.facebook.com/groups/781347675284086/permalink/1595767070508805,2018-01-26 11:14:32,19.0,2022-09-15 11:00:48.951869
https://www.facebook.com/groups/781347675284086/permalink/5573829702702502,2022-04-18 10:16:03,41.0,2022-09-15 11:00:48.951869
https://www.facebook.com/groups/781347675284086/permalink/4065803530171801,2020-12-06 13:12:09,14.0,2022-09-15 11:00:48.951869
https://www.facebook.com/groups/781347675284086/permalink/5776920102393460,2022-06-29 06:02:42,126.0,2022-09-15 11:00:48.951869
https://www.facebook.com/groups/781347675284086/permalink/1391085334310314,2017-06-19 09:24:44,114.0,2022-09-15 11:00:48.951869
https://www.facebook.com/groups/781347675284086/permalink/5751947861557351,2022-06-20 13:15:30,36.0,2022-09-15 11:00:48.951869
https://www.facebook.com/groups/781347675284086/permalink/915886031830249,2015-11-08 15:17:55,25.0,2022-09-15 11:00:48.951869
https://www.facebook.com/groups/781347675284086/permalink/5005895489495929,2021-10-31 06:32:32,87.0,2022-09-15 11:00:48.951869
https://www.facebook.com/groups/781347675284086/permalink/1700103236741854,2018-05-12 13:16:38,40.0,2022-09-15 11:00:48.951869
https://www.facebook.com/groups/781347675284086/permalink/1486129174805929,2017-09-30 09:04:26,71.0,2022-09-15 11:00:48.951869
https://www.facebook.com/groups/781347675284086/permalink/898054953613357,2015-09-26 04:39:35,48.0,2022-09-15 11:00:48.951869
https://www.facebook.com/groups/781347675284086/permalink/4882251145193698,2021-09-22 10:45:41,43.0,2022-09-15 11:00:48.951869
https://www.facebook.com/groups/781347675284086/permalink/1426044094147771,2017-07-23 10:46:24,47.0,2022-09-15 11:00:48.951869
https://www.facebook.com/groups/781347675284086/permalink/1454273011324879,2017-08-23 20:37:02,16.0,2022-09-15 11:00:48.951869
https://www.facebook.com/groups/781347675284086/permalink/1448797411872439,2017-08-17 09:58:45,48.0,2022-09-15 11:00:48.951956
https://www.facebook.com/groups/781347675284086/permalink/1440669079351939,2017-08-08 07:15:26,159.0,2022-09-15 11:00:48.951956
https://www.facebook.com/groups/781347675284086/permalink/824164627669057,2015-04-25 10:55:56,114.0,2022-09-15 11:00:48.951956
https://www.facebook.com/groups/781347675284086/permalink/3703946426357515,2020-08-04 08:47:07,45.0,2022-09-15 11:00:48.951956
https://www.facebook.com/groups/781347675284086/permalink/3784717434947080,2020-08-31 13:15:08,33.0,2022-09-15 11:00:48.951956
https://www.facebook.com/groups/781347675284086/permalink/1463919840360196,2017-09-03 17:26:38,30.0,2022-09-15 11:00:48.951956
https://www.facebook.com/groups/781347675284086/permalink/1165452120206971,2016-11-19 09:25:32,39.0,2022-09-15 11:00:48.951956
https://www.facebook.com/groups/781347675284086/permalink/2127183534033820,2019-03-15 06:23:30,13.0,2022-09-15 11:00:48.951956
https://www.facebook.com/groups/781347675284086/permalink/2116207318464775,2019-03-07 07:48:46,24.0,2022-09-15 11:00:48.951956
https://www.facebook.com/groups/781347675284086/permalink/2243369629081876,2019-05-26 14:55:50,13.0,2022-09-15 11:00:48.951956
https://www.facebook.com/groups/781347675284086/permalink/2698430626909105,2020-01-15 07:17:16,32.0,2022-09-15 11:00:48.951956
https://www.facebook.com/groups/781347675284086/permalink/5688933384525466,2022-05-29 10:34:44,52.0,2022-09-15 11:00:48.951956
https://www.facebook.com/groups/781347675284086/permalink/5248930561859086,2022-01-04 13:50:07,74.0,2022-09-15 11:00:48.951956
https://www.facebook.com/groups/781347675284086/permalink/1451323021619878,2017-08-20 09:19:20,13.0,2022-09-15 11:00:48.951956
https://www.facebook.com/groups/781347675284086/permalink/1022001127885405,2016-05-07 15:29:56,15.0,2022-09-15 11:00:48.951956
https://www.facebook.com/groups/781347675284086/permalink/3857723580979798,2020-09-24 03:41:23,35.0,2022-09-15 11:00:48.951956
https://www.facebook.com/groups/781347675284086/permalink/5605169882901817,2022-04-30 04:50:56,15.0,2022-09-15 11:00:48.951956
https://www.facebook.com/groups/781347675284086/permalink/1719383411480503,2018-06-01 16:05:56,15.0,2022-09-15 11:00:48.951956
https://www.facebook.com/groups/781347675284086/permalink/3575759875842838,2020-07-18 00:45:24,61.0,2022-09-15 11:00:48.951956
https://www.facebook.com/groups/781347675284086/permalink/5589983724420433,2022-04-24 14:01:31,25.0,2022-09-15 11:00:48.951956
https://www.facebook.com/groups/781347675284086/permalink/1449599525125561,2017-08-18 08:36:18,24.0,2022-09-15 11:00:48.951956
https://www.facebook.com/groups/781347675284086/permalink/5545266678892138,2022-04-07 06:58:35,44.0,2022-09-15 11:00:48.951956
https://www.facebook.com/groups/781347675284086/permalink/4493163607435789,2021-05-12 08:06:03,24.0,2022-09-15 11:00:48.951956
https://www.facebook.com/groups/781347675284086/permalink/927672387318280,2015-12-05 03:55:19,72.0,2022-09-15 11:00:48.951956
https://www.facebook.com/groups/781347675284086/permalink/891262827625903,2015-09-12 15:22:32,37.0,2022-09-15 10:30:40.088718
https://www.facebook.com/groups/781347675284086/permalink/2535276556557847,2019-11-01 03:01:32,4.0,2022-09-15 10:30:40.088718
https://www.facebook.com/groups/781347675284086/permalink/3490473064371520,2020-07-08 03:49:26,45.0,2022-09-15 10:30:40.088718
https://www.facebook.com/groups/781347675284086/permalink/1239045166180999,2017-01-19 09:27:16,65.0,2022-09-15 10:30:40.088718
https://www.facebook.com/groups/781347675284086/permalink/5679644072121064,2022-05-26 08:46:28,14.0,2022-09-15 10:30:40.088718
https://www.facebook.com/groups/781347675284086/permalink/2359134610838710,2019-07-31 07:41:13,512.0,2022-09-15 10:30:40.088718
https://www.facebook.com/groups/781347675284086/permalink/5453386788080128,2022-03-03 09:25:44,60.0,2022-09-15 10:30:40.088718
https://www.facebook.com/groups/781347675284086/permalink/5679555665463238,2022-05-26 07:57:59,27.0,2022-09-15 10:30:40.088718
https://www.facebook.com/groups/781347675284086/permalink/3045265048892326,2020-05-15 08:07:34,22.0,2022-09-15 10:30:40.088718
https://www.facebook.com/groups/781347675284086/permalink/5579815842103888,2022-04-20 16:30:32,251.0,2022-09-15 10:30:40.088718
https://www.facebook.com/groups/781347675284086/permalink/5661277947291010,2022-05-20 05:52:26,61.0,2022-09-15 10:30:40.088718
https://www.facebook.com/groups/781347675284086/permalink/1444868732265307,2017-08-13 00:44:28,49.0,2022-09-15 10:30:40.088718
https://www.facebook.com/groups/781347675284086/permalink/1388012751284239,2017-06-16 09:03:20,19.0,2022-09-15 10:30:40.088718
https://www.facebook.com/groups/781347675284086/permalink/2314929271925911,2019-07-06 02:38:07,17.0,2022-09-15 10:30:40.088718
https://www.facebook.com/groups/781347675284086/permalink/1630718903680288,2018-03-03 13:43:45,40.0,2022-09-15 10:30:40.088718
https://www.facebook.com/groups/781347675284086/permalink/902705416481644,2015-10-08 02:59:15,70.0,2022-09-15 10:30:40.088718
https://www.facebook.com/groups/781347675284086/permalink/1283110338441148,2017-03-04 09:47:22,58.0,2022-09-15 10:30:40.088718
https://www.facebook.com/groups/781347675284086/permalink/1094990343919816,2016-08-28 09:23:42,25.0,2022-09-15 10:30:40.088718
https://www.facebook.com/groups/781347675284086/permalink/4342290299189788,2021-03-22 02:17:48,43.0,2022-09-15 10:30:40.088718
https://www.facebook.com/groups/781347675284086/permalink/1780382082047302,2018-07-16 04:20:50,8.0,2022-09-15 10:30:40.088718
https://www.facebook.com/groups/781347675284086/permalink/1471226329629547,2017-09-12 15:18:04,40.0,2022-09-15 10:30:40.088718
https://www.facebook.com/groups/781347675284086/permalink/1829560287129481,2018-08-15 06:38:56,132.0,2022-09-15 10:30:40.088718
https://www.facebook.com/groups/781347675284086/permalink/1479634735455373,2017-09-22 12:06:47,26.0,2022-09-15 10:30:40.088718
https://www.facebook.com/groups/781347675284086/permalink/1357134341038747,2017-05-16 01:19:14,115.0,2022-09-15 10:30:40.088718
https://www.facebook.com/groups/781347675284086/permalink/4484590554959761,2021-05-09 11:30:56,22.0,2022-09-15 10:30:40.088718
https://www.facebook.com/groups/781347675284086/permalink/1493585557393624,2017-10-09 03:02:26,45.0,2022-09-15 10:30:40.088740
https://www.facebook.com/groups/781347675284086/permalink/2285261994892639,2019-06-19 07:08:25,21.0,2022-09-15 10:30:40.088740
https://www.facebook.com/groups/781347675284086/permalink/1053111434774374,2016-06-28 04:21:23,53.0,2022-09-15 10:30:40.088740
https://www.facebook.com/groups/781347675284086/permalink/5664268273658644,2022-05-21 04:28:08,8.0,2022-09-15 10:30:40.088740
https://www.facebook.com/groups/781347675284086/permalink/4120285644723589,2020-12-28 08:51:51,36.0,2022-09-15 10:30:40.088740
https://www.facebook.com/groups/781347675284086/permalink/3805732426178914,2020-09-07 09:24:11,566.0,2022-09-15 10:30:40.088740
https://www.facebook.com/groups/781347675284086/permalink/1258256777593171,2017-02-08 09:53:02,68.0,2022-09-15 10:30:40.088740
https://www.facebook.com/groups/781347675284086/permalink/5545248025560670,2022-04-07 06:46:54,258.0,2022-09-15 10:30:40.088740
https://www.facebook.com/groups/781347675284086/permalink/3948539208564901,2020-10-25 00:34:13,43.0,2022-09-15 10:30:40.088740
https://www.facebook.com/groups/781347675284086/permalink/4444989242253226,2021-04-25 13:41:20,746.0,2022-09-15 10:30:40.088740
https://www.facebook.com/groups/781347675284086/permalink/1477675615651285,2017-09-20 06:02:39,115.0,2022-09-15 10:30:40.088740
https://www.facebook.com/groups/781347675284086/permalink/4060359350716219,2020-12-04 12:16:16,27.0,2022-09-15 10:30:40.088740
https://www.facebook.com/groups/781347675284086/permalink/1005122279573290,2016-04-08 07:39:03,101.0,2022-09-15 10:30:40.088740
https://www.facebook.com/groups/781347675284086/permalink/909475562471296,2015-10-24 07:25:05,116.0,2022-09-15 10:30:40.088740
https://www.facebook.com/groups/781347675284086/permalink/1877393125679530,2018-09-19 13:16:15,240.0,2022-09-15 10:30:40.088740
https://www.facebook.com/groups/781347675284086/permalink/5028503037235174,2021-11-07 12:21:29,131.0,2022-09-15 10:30:40.088740
https://www.facebook.com/groups/781347675284086/permalink/5692720710813400,2022-05-30 14:25:20,118.0,2022-09-15 10:30:40.088740
https://www.facebook.com/groups/781347675284086/permalink/2125008137584693,2019-03-13 14:38:36,133.0,2022-09-15 10:30:40.088740
https://www.facebook.com/groups/781347675284086/permalink/5740608312691306,2022-06-16 13:22:03,239.0,2022-09-15 10:30:40.088740
https://www.facebook.com/groups/781347675284086/permalink/2182019815216858,2019-04-19 14:39:37,72.0,2022-09-15 10:30:40.088740
https://www.facebook.com/groups/781347675284086/permalink/1626463724105806,2018-02-27 05:50:06,65.0,2022-09-15 10:30:40.088740
https://www.facebook.com/groups/781347675284086/permalink/2171026339649539,2019-04-12 08:57:17,19.0,2022-09-15 10:30:40.088740
https://www.facebook.com/groups/781347675284086/permalink/1033246070094244,2016-05-26 12:49:55,75.0,2022-09-15 10:00:44.820447
https://www.facebook.com/groups/781347675284086/permalink/3975495305869291,2020-11-03 22:26:26,73.0,2022-09-15 10:00:44.820447
https://www.facebook.com/groups/781347675284086/permalink/1800964213322422,2018-07-29 01:25:35,431.0,2022-09-15 10:00:44.820447
https://www.facebook.com/groups/781347675284086/permalink/906691909416328,2015-10-18 05:21:51,121.0,2022-09-15 10:00:44.820447
https://www.facebook.com/groups/781347675284086/permalink/1783489338403243,2018-07-18 07:20:59,27.0,2022-09-15 10:00:44.820447
https://www.facebook.com/groups/781347675284086/permalink/4057970914288396,2020-12-03 15:08:44,30.0,2022-09-15 10:00:44.820447
https://www.facebook.com/groups/781347675284086/permalink/2625865180832317,2019-12-12 15:02:37,14.0,2022-09-15 10:00:44.820447
https://www.facebook.com/groups/781347675284086/permalink/1484274204991426,2017-09-27 23:10:18,15.0,2022-09-15 10:00:44.820447
https://www.facebook.com/groups/781347675284086/permalink/2288919417860230,2019-06-21 07:47:36,32.0,2022-09-15 10:00:44.820447
https://www.facebook.com/groups/781347675284086/permalink/1502241789861334,2017-10-18 07:53:53,29.0,2022-09-15 10:00:44.820447
https://www.facebook.com/groups/781347675284086/permalink/930659917019527,2015-12-09 11:48:40,43.0,2022-09-15 10:00:44.820447
https://www.facebook.com/groups/781347675284086/permalink/1110282329057284,2016-09-16 06:21:44,57.0,2022-09-15 10:00:44.820447
https://www.facebook.com/groups/781347675284086/permalink/3902117379873751,2020-10-08 08:56:12,49.0,2022-09-15 10:00:44.820447
https://www.facebook.com/groups/781347675284086/permalink/3839033066182183,2020-09-18 03:08:06,51.0,2022-09-15 10:00:44.820447
https://www.facebook.com/groups/781347675284086/permalink/2230175200401319,2019-05-19 05:03:31,12.0,2022-09-15 10:00:44.820447
https://www.facebook.com/groups/781347675284086/permalink/4313399582078860,2021-03-11 04:38:58,69.0,2022-09-15 10:00:44.820447
https://www.facebook.com/groups/781347675284086/permalink/2435973923154778,2019-09-12 09:02:53,37.0,2022-09-15 10:00:44.820447
https://www.facebook.com/groups/781347675284086/permalink/1580790282006484,2018-01-10 07:47:31,107.0,2022-09-15 10:00:44.820447
https://www.facebook.com/groups/781347675284086/permalink/5108577142561096,2021-11-30 06:23:49,104.0,2022-09-15 10:00:44.820447
https://www.facebook.com/groups/781347675284086/permalink/2709245172494317,2020-01-20 12:37:43,39.0,2022-09-15 10:00:44.820447
https://www.facebook.com/groups/781347675284086/permalink/4923777357707743,2021-10-05 08:33:01,9.0,2022-09-15 10:00:44.820447
https://www.facebook.com/groups/781347675284086/permalink/5789794574439346,2022-07-04 03:05:15,70.0,2022-09-15 10:00:44.820447
https://www.facebook.com/groups/781347675284086/permalink/3762178057201018,2020-08-24 03:59:36,47.0,2022-09-15 10:00:44.820447
https://www.facebook.com/groups/781347675284086/permalink/2250088068410032,2019-05-30 05:18:41,96.0,2022-09-15 10:00:44.820447
https://www.facebook.com/groups/781347675284086/permalink/1941828015902707,2018-11-06 01:29:25,59.0,2022-09-15 10:00:44.820447
https://www.facebook.com/groups/781347675284086/permalink/5635280629890742,2022-05-11 03:16:03,104.0,2022-09-15 10:00:44.820516
https://www.facebook.com/groups/781347675284086/permalink/4080742355344585,2020-12-12 08:54:09,235.0,2022-09-15 10:00:44.820516
https://www.facebook.com/groups/781347675284086/permalink/5795922037159933,2022-07-06 11:30:03,36.0,2022-09-15 10:00:44.820516
https://www.facebook.com/groups/781347675284086/permalink/1233468043405378,2017-01-13 08:32:20,118.0,2022-09-15 10:00:44.820516
https://www.facebook.com/groups/781347675284086/permalink/2232458536839652,2019-05-20 13:14:04,36.0,2022-09-15 10:00:44.820516
https://www.facebook.com/groups/781347675284086/permalink/3931456590273163,2020-10-18 14:25:03,44.0,2022-09-15 10:00:44.820516
https://www.facebook.com/groups/781347675284086/permalink/2351919068226931,2019-07-27 01:53:21,33.0,2022-09-15 10:00:44.820516
https://www.facebook.com/groups/781347675284086/permalink/5658395357579269,2022-05-19 07:11:49,18.0,2022-09-15 10:00:44.820516
https://www.facebook.com/groups/781347675284086/permalink/1738287509590093,2018-06-18 06:27:59,45.0,2022-09-15 10:00:44.820516
https://www.facebook.com/groups/781347675284086/permalink/1425605824191598,2017-07-23 00:10:44,84.0,2022-09-15 10:00:44.820516
https://www.facebook.com/groups/781347675284086/permalink/5792984494120354,2022-07-05 09:00:05,114.0,2022-09-15 10:00:44.820516
https://www.facebook.com/groups/781347675284086/permalink/2267942526624586,2019-06-09 09:53:19,119.0,2022-09-15 10:00:44.820516
https://www.facebook.com/groups/781347675284086/permalink/1649181821833996,2018-03-21 03:30:34,32.0,2022-09-15 10:00:44.820516
https://www.facebook.com/groups/781347675284086/permalink/1201575383261311,2016-12-19 04:55:00,23.0,2022-09-15 10:00:44.820516
https://www.facebook.com/groups/781347675284086/permalink/1928857780533064,2018-10-29 11:21:28,192.0,2022-09-15 10:00:44.820516
https://www.facebook.com/groups/781347675284086/permalink/923216204430565,2015-11-26 05:22:38,58.0,2022-09-15 10:00:44.820516
https://www.facebook.com/groups/781347675284086/permalink/1039435682808616,2016-06-05 12:44:47,38.0,2022-09-15 10:00:44.820516
https://www.facebook.com/groups/781347675284086/permalink/896472840438235,2015-09-22 08:29:52,49.0,2022-09-15 10:00:44.820516
https://www.facebook.com/groups/781347675284086/permalink/5263048437113965,2022-01-09 08:34:07,187.0,2022-09-15 10:00:44.820516
https://www.facebook.com/groups/781347675284086/permalink/950856428333209,2016-01-13 09:42:20,31.0,2022-09-15 10:00:44.820516
https://www.facebook.com/groups/781347675284086/permalink/2744830882269079,2020-02-07 14:13:50,613.0,2022-09-15 10:00:44.820516
https://www.facebook.com/groups/781347675284086/permalink/4514045458680937,2021-05-19 03:21:35,9.0,2022-09-15 10:00:44.820516
https://www.facebook.com/groups/781347675284086/permalink/923937731025079,2015-11-27 12:25:41,34.0,2022-09-15 10:00:44.820516
https://www.facebook.com/groups/781347675284086/permalink/4493130920772391,2021-05-12 07:47:54,31.0,2022-09-15 10:00:44.820516
https://www.facebook.com/groups/781347675284086/permalink/998636150221903,2016-03-30 06:43:01,248.0,2022-09-15 10:00:44.820516
https://www.facebook.com/groups/781347675284086/permalink/926165324135653,2015-12-02 08:44:41,42.0,2022-09-15 09:30:46.313664
https://www.facebook.com/groups/781347675284086/permalink/3827101527375337,2020-09-14 06:43:02,33.0,2022-09-15 09:30:46.313664
https://www.facebook.com/groups/781347675284086/permalink/2399208380164666,2019-08-23 02:13:38,18.0,2022-09-15 09:30:46.313664
https://www.facebook.com/groups/781347675284086/permalink/4097608206991333,2020-12-18 22:36:24,13.0,2022-09-15 09:30:46.313664
https://www.facebook.com/groups/781347675284086/permalink/954552877963564,2016-01-20 11:05:22,35.0,2022-09-15 09:30:46.313664
https://www.facebook.com/groups/781347675284086/permalink/823100251108828,2015-04-23 01:50:28,159.0,2022-09-15 09:30:46.313664
https://www.facebook.com/groups/781347675284086/permalink/2795733937178773,2020-03-02 15:27:37,100.0,2022-09-15 09:30:46.313664
https://www.facebook.com/groups/781347675284086/permalink/3919995904752565,2020-10-14 07:20:13,83.0,2022-09-15 09:30:46.313664
https://www.facebook.com/groups/781347675284086/permalink/999730186779166,2016-03-31 07:11:48,50.0,2022-09-15 09:30:46.313664
https://www.facebook.com/groups/781347675284086/permalink/5523695857715887,2022-03-30 03:03:08,47.0,2022-09-15 09:30:46.313664
https://www.facebook.com/groups/781347675284086/permalink/1256589984426517,2017-02-06 17:39:53,64.0,2022-09-15 09:30:46.313664
https://www.facebook.com/groups/781347675284086/permalink/2443863062365864,2019-09-16 14:03:12,233.0,2022-09-15 09:30:46.313664
https://www.facebook.com/groups/781347675284086/permalink/4929287323823413,2021-10-07 02:08:08,127.0,2022-09-15 09:30:46.313664
https://www.facebook.com/groups/781347675284086/permalink/2207568295995343,2019-05-05 13:33:37,34.0,2022-09-15 09:30:46.313664
https://www.facebook.com/groups/781347675284086/permalink/1384868301598684,2017-06-13 08:02:22,11.0,2022-09-15 09:30:46.313664
https://www.facebook.com/groups/781347675284086/permalink/2021876624564512,2019-01-03 05:45:55,17.0,2022-09-15 09:30:46.313664
https://www.facebook.com/groups/781347675284086/permalink/2186744574744382,2019-04-22 07:26:45,19.0,2022-09-15 09:30:46.313664
https://www.facebook.com/groups/781347675284086/permalink/2218438851574954,2019-05-12 05:41:35,36.0,2022-09-15 09:30:46.313664
https://www.facebook.com/groups/781347675284086/permalink/1991142120971296,2018-12-12 08:40:10,250.0,2022-09-15 09:30:46.313664
https://www.facebook.com/groups/781347675284086/permalink/1397027010382813,2017-06-25 05:55:24,47.0,2022-09-15 09:30:46.313664
https://www.facebook.com/groups/781347675284086/permalink/5750773995008071,2022-06-20 02:41:55,17.0,2022-09-15 09:30:46.313664
https://www.facebook.com/groups/781347675284086/permalink/1235127556572760,2017-01-15 02:06:18,35.0,2022-09-15 09:30:46.313664
https://www.facebook.com/groups/781347675284086/permalink/5709314309154040,2022-06-05 07:14:57,398.0,2022-09-15 09:30:46.313664
https://www.facebook.com/groups/781347675284086/permalink/1155724414513075,2016-11-09 03:36:07,57.0,2022-09-15 09:30:46.313664
https://www.facebook.com/groups/781347675284086/permalink/2168353929916780,2019-04-10 15:05:10,53.0,2022-09-15 09:30:46.313728
https://www.facebook.com/groups/781347675284086/permalink/1479342255484621,2017-09-22 02:12:35,16.0,2022-09-15 09:30:46.313728
https://www.facebook.com/groups/781347675284086/permalink/2161522467266593,2019-04-06 03:17:48,38.0,2022-09-15 09:30:46.313728
https://www.facebook.com/groups/781347675284086/permalink/5963649953720473,2022-09-05 03:03:20,76.0,2022-09-15 09:30:46.313728
https://www.facebook.com/groups/781347675284086/permalink/1283108698441312,2017-03-04 09:44:36,170.0,2022-09-15 09:30:46.313728
https://www.facebook.com/groups/781347675284086/permalink/5031093646976113,2021-11-08 08:53:52,73.0,2022-09-15 09:30:46.313728
https://www.facebook.com/groups/781347675284086/permalink/1470436423041871,2017-09-11 15:07:16,15.0,2022-09-15 09:30:46.313728
https://www.facebook.com/groups/781347675284086/permalink/4038856172866537,2020-11-27 02:47:20,65.0,2022-09-15 09:30:46.313728
https://www.facebook.com/groups/781347675284086/permalink/869276193157900,2015-08-01 04:16:07,114.0,2022-09-15 09:30:46.313728
https://www.facebook.com/groups/781347675284086/permalink/2119025878182919,2019-03-09 04:43:57,9.0,2022-09-15 09:30:46.313728
https://www.facebook.com/groups/781347675284086/permalink/1246089212143261,2017-01-26 01:52:20,71.0,2022-09-15 09:30:46.313728
https://www.facebook.com/groups/781347675284086/permalink/1135504626535054,2016-10-17 01:07:13,66.0,2022-09-15 09:30:46.313728
https://www.facebook.com/groups/781347675284086/permalink/1464492776969569,2017-09-04 09:13:12,18.0,2022-09-15 09:30:46.313728
https://www.facebook.com/groups/781347675284086/permalink/5589618624456943,2022-04-24 10:55:51,163.0,2022-09-15 09:30:46.313728
https://www.facebook.com/groups/781347675284086/permalink/994290350656483,2016-03-26 01:14:20,66.0,2022-09-15 09:30:46.313728
https://www.facebook.com/groups/781347675284086/permalink/828849797200540,2015-05-05 01:31:38,124.0,2022-09-15 09:30:46.313728
https://www.facebook.com/groups/781347675284086/permalink/5848771605208309,2022-07-25 07:47:39,30.0,2022-09-15 09:30:46.313728
https://www.facebook.com/groups/781347675284086/permalink/4038826696202818,2020-11-27 02:30:30,92.0,2022-09-15 09:30:46.313728
https://www.facebook.com/groups/781347675284086/permalink/4522515867833896,2021-05-22 02:28:10,7.0,2022-09-15 09:30:46.313728
https://www.facebook.com/groups/781347675284086/permalink/1305304289555086,2017-03-23 09:10:02,14.0,2022-09-15 09:30:46.313728
https://www.facebook.com/groups/781347675284086/permalink/5762568443828626,2022-06-24 06:30:42,70.0,2022-09-15 09:30:46.313728
https://www.facebook.com/groups/781347675284086/permalink/2101581439927363,2019-02-25 09:19:28,37.0,2022-09-15 09:30:46.313728
https://www.facebook.com/groups/781347675284086/permalink/1264367676982081,2017-02-15 14:26:52,38.0,2022-09-15 09:30:46.313728
https://www.facebook.com/groups/781347675284086/permalink/5790210021064468,2022-07-04 07:18:19,22.0,2022-09-15 09:30:46.313728
https://www.facebook.com/groups/781347675284086/permalink/5557799167638889,2022-04-12 03:42:28,530.0,2022-09-15 09:30:46.313728
https://www.facebook.com/groups/781347675284086/permalink/1021870167898501,2016-05-07 10:05:45,40.0,2022-09-15 09:00:41.973177
https://www.facebook.com/groups/781347675284086/permalink/4368649643220520,2021-03-31 10:46:01,50.0,2022-09-15 09:00:41.973177
https://www.facebook.com/groups/781347675284086/permalink/1982134991872009,2018-12-06 04:55:28,19.0,2022-09-15 09:00:41.973177
https://www.facebook.com/groups/781347675284086/permalink/2049670681785106,2019-01-22 13:21:06,54.0,2022-09-15 09:00:41.973177
https://www.facebook.com/groups/781347675284086/permalink/3827130714039085,2020-09-14 06:59:09,96.0,2022-09-15 09:00:41.973177
https://www.facebook.com/groups/781347675284086/permalink/1284180638334118,2017-03-05 11:55:45,31.0,2022-09-15 09:00:41.973177
https://www.facebook.com/groups/781347675284086/permalink/892852527466933,2015-09-15 03:50:49,155.0,2022-09-15 09:00:41.973177
https://www.facebook.com/groups/781347675284086/permalink/1806366779448832,2018-08-01 12:17:22,18.0,2022-09-15 09:00:41.973177
https://www.facebook.com/groups/781347675284086/permalink/2238946552857517,2019-05-24 05:49:39,15.0,2022-09-15 09:00:41.973177
https://www.facebook.com/groups/781347675284086/permalink/1213041265448056,2016-12-29 04:32:56,81.0,2022-09-15 09:00:41.973177
https://www.facebook.com/groups/781347675284086/permalink/857413107677542,2015-07-05 04:37:11,135.0,2022-09-15 09:00:41.973177
https://www.facebook.com/groups/781347675284086/permalink/1309552469130268,2017-03-27 11:26:23,30.0,2022-09-15 09:00:41.973177
https://www.facebook.com/groups/781347675284086/permalink/1362269263858588,2017-05-21 16:38:37,13.0,2022-09-15 09:00:41.973177
https://www.facebook.com/groups/781347675284086/permalink/866010446817808,2015-07-25 02:00:16,72.0,2022-09-15 09:00:41.973177
https://www.facebook.com/groups/781347675284086/permalink/1712959845456193,2018-05-25 23:12:55,52.0,2022-09-15 09:00:41.973177
https://www.facebook.com/groups/781347675284086/permalink/1785109544907889,2018-07-19 08:42:32,14.0,2022-09-15 09:00:41.973177
https://www.facebook.com/groups/781347675284086/permalink/1456579287760918,2017-08-26 15:10:12,18.0,2022-09-15 09:00:41.973177
https://www.facebook.com/groups/781347675284086/permalink/4072400542845433,2020-12-09 01:44:19,17.0,2022-09-15 09:00:41.973177
https://www.facebook.com/groups/781347675284086/permalink/2642886569130178,2019-12-20 16:24:00,32.0,2022-09-15 09:00:41.973177
https://www.facebook.com/groups/781347675284086/permalink/918272774924908,2015-11-14 11:23:19,66.0,2022-09-15 09:00:41.973177
https://www.facebook.com/groups/781347675284086/permalink/1532002680218578,2017-11-20 04:32:53,25.0,2022-09-15 09:00:41.973177
https://www.facebook.com/groups/781347675284086/permalink/2276767659075406,2019-06-14 10:46:16,43.0,2022-09-15 09:00:41.973177
https://www.facebook.com/groups/781347675284086/permalink/2131521980266642,2019-03-17 15:39:06,64.0,2022-09-15 09:00:41.973177
https://www.facebook.com/groups/781347675284086/permalink/4837385393013607,2021-09-08 14:56:50,22.0,2022-09-15 09:00:41.973177
https://www.facebook.com/groups/781347675284086/permalink/2635288973223271,2019-12-17 02:22:01,388.0,2022-09-15 09:00:41.973227
https://www.facebook.com/groups/781347675284086/permalink/2780081672077333,2020-02-24 07:59:12,17.0,2022-09-15 09:00:41.973227
https://www.facebook.com/groups/781347675284086/permalink/2832089010209932,2020-03-17 08:43:28,2.0,2022-09-15 09:00:41.973227
https://www.facebook.com/groups/781347675284086/permalink/1086021041483413,2016-08-17 07:41:44,16.0,2022-09-15 09:00:41.973227
https://www.facebook.com/groups/781347675284086/permalink/5647905658628239,2022-05-15 15:16:02,95.0,2022-09-15 09:00:41.973227
https://www.facebook.com/groups/781347675284086/permalink/3506769709408522,2020-07-10 13:45:54,20.0,2022-09-15 09:00:41.973227
https://www.facebook.com/groups/781347675284086/permalink/1015538921864959,2016-04-26 11:19:15,76.0,2022-09-15 09:00:41.973227
https://www.facebook.com/groups/781347675284086/permalink/1587660077986171,2018-01-18 05:14:14,42.0,2022-09-15 09:00:41.973227
https://www.facebook.com/groups/781347675284086/permalink/5876318409120295,2022-08-04 15:01:25,28.0,2022-09-15 09:00:41.973227
https://www.facebook.com/groups/781347675284086/permalink/5100389596713184,2021-11-29 02:40:42,46.0,2022-09-15 09:00:41.973227
https://www.facebook.com/groups/781347675284086/permalink/4293903290695156,2021-03-03 08:39:57,567.0,2022-09-15 09:00:41.973227
https://www.facebook.com/groups/781347675284086/permalink/5679627832122688,2022-05-26 08:37:41,34.0,2022-09-15 09:00:41.973227
https://www.facebook.com/groups/781347675284086/permalink/919947524757433,2015-11-18 14:51:07,34.0,2022-09-15 09:00:41.973227
https://www.facebook.com/groups/781347675284086/permalink/2429181847167319,2019-09-08 15:25:33,14.0,2022-09-15 09:00:41.973227
https://www.facebook.com/groups/781347675284086/permalink/1282862365132612,2017-03-04 03:22:14,91.0,2022-09-15 09:00:41.973227
https://www.facebook.com/groups/781347675284086/permalink/1322936327791882,2017-04-09 15:17:32,22.0,2022-09-15 09:00:41.973227
https://www.facebook.com/groups/781347675284086/permalink/1483789545039892,2017-09-27 08:36:31,48.0,2022-09-15 09:00:41.973227
https://www.facebook.com/groups/781347675284086/permalink/1762489330503244,2018-07-04 03:23:20,15.0,2022-09-15 09:00:41.973227
https://www.facebook.com/groups/781347675284086/permalink/2557101307708705,2019-11-11 12:24:21,105.0,2022-09-15 09:00:41.973227
https://www.facebook.com/groups/781347675284086/permalink/2514381171980719,2019-10-22 02:27:58,9.0,2022-09-15 09:00:41.973227
https://www.facebook.com/groups/781347675284086/permalink/5563330737085732,2022-04-14 08:21:54,24.0,2022-09-15 09:00:41.973227
https://www.facebook.com/groups/781347675284086/permalink/1312526268832888,2017-03-30 14:25:32,125.0,2022-09-15 08:27:06.825643
https://www.facebook.com/groups/781347675284086/permalink/2313961862022652,2019-07-05 14:00:24,248.0,2022-09-15 08:27:06.825643
https://www.facebook.com/groups/781347675284086/permalink/1296600617092120,2017-03-14 13:29:38,45.0,2022-09-15 08:27:06.825643
https://www.facebook.com/groups/781347675284086/permalink/1210925358992980,2016-12-27 04:31:10,355.0,2022-09-15 08:27:06.825643
https://www.facebook.com/groups/781347675284086/permalink/1993513580734150,2018-12-14 02:51:03,25.0,2022-09-15 08:27:06.825643
https://www.facebook.com/groups/781347675284086/permalink/1489357764483070,2017-10-04 03:55:06,34.0,2022-09-15 08:27:06.825643
https://www.facebook.com/groups/781347675284086/permalink/1674901095928735,2018-04-16 06:52:10,35.0,2022-09-15 08:27:06.825643
https://www.facebook.com/groups/781347675284086/permalink/1377260359026145,2017-06-06 04:09:11,79.0,2022-09-15 08:27:06.825643
https://www.facebook.com/groups/781347675284086/permalink/5380855881999886,2022-02-07 07:39:55,23.0,2022-09-15 08:27:06.825643
https://www.facebook.com/groups/781347675284086/permalink/905890859496433,2015-10-16 01:22:38,64.0,2022-09-15 08:27:06.825643
https://www.facebook.com/groups/781347675284086/permalink/4909322899153189,2021-09-30 08:43:15,44.0,2022-09-15 08:27:06.825643
https://www.facebook.com/groups/781347675284086/permalink/1466782396740607,2017-09-07 02:26:27,25.0,2022-09-15 08:27:06.825643
https://www.facebook.com/groups/781347675284086/permalink/2882157401869759,2020-04-08 08:56:43,32.0,2022-09-15 08:27:06.825643
https://www.facebook.com/groups/781347675284086/permalink/1614971801921665,2018-02-15 17:47:35,11.0,2022-09-15 08:27:06.825643
https://www.facebook.com/groups/781347675284086/permalink/2399164773502360,2019-08-23 01:36:55,13.0,2022-09-15 08:27:06.825643
https://www.facebook.com/groups/781347675284086/permalink/1581844528567726,2018-01-11 12:34:36,114.0,2022-09-15 08:27:06.825643
https://www.facebook.com/groups/781347675284086/permalink/1334394069979441,2017-04-21 04:35:30,13.0,2022-09-15 08:27:06.825643
https://www.facebook.com/groups/781347675284086/permalink/2188145297937643,2019-04-23 04:46:31,86.0,2022-09-15 08:27:06.825643
https://www.facebook.com/groups/781347675284086/permalink/4340570662695085,2021-03-21 10:30:37,96.0,2022-09-15 08:27:06.825643
https://www.facebook.com/groups/781347675284086/permalink/1456967551055425,2017-08-27 02:25:35,12.0,2022-09-15 08:27:06.825643
https://www.facebook.com/groups/781347675284086/permalink/1370245679727613,2017-05-30 04:56:13,18.0,2022-09-15 08:27:06.825643
https://www.facebook.com/groups/781347675284086/permalink/1456161477802699,2017-08-26 02:44:04,133.0,2022-09-15 08:27:06.825643
https://www.facebook.com/groups/781347675284086/permalink/1631623896923122,2018-03-04 12:19:11,114.0,2022-09-15 08:27:06.825643
https://www.facebook.com/groups/781347675284086/permalink/5589772641108208,2022-04-24 12:17:52,16.0,2022-09-15 08:27:06.825667
https://www.facebook.com/groups/781347675284086/permalink/1195197860565730,2016-12-14 13:52:03,199.0,2022-09-15 08:27:06.825667
https://www.facebook.com/groups/781347675284086/permalink/5141006829318127,2021-12-07 07:39:26,44.0,2022-09-15 08:27:06.825667
https://www.facebook.com/groups/781347675284086/permalink/1566956916723154,2017-12-27 07:43:57,46.0,2022-09-15 08:27:06.825667
https://www.facebook.com/groups/781347675284086/permalink/5766089980143139,2022-06-25 10:59:31,195.0,2022-09-15 08:27:06.825667
https://www.facebook.com/groups/781347675284086/permalink/1425988040820043,2017-07-23 09:12:54,125.0,2022-09-15 08:27:06.825667
https://www.facebook.com/groups/781347675284086/permalink/5270796663005809,2022-01-11 12:00:02,267.0,2022-09-15 08:27:06.825667
https://www.facebook.com/groups/781347675284086/permalink/5229468697138606,2021-12-29 05:31:24,86.0,2022-09-15 08:27:06.825667
https://www.facebook.com/groups/781347675284086/permalink/1162307467188103,2016-11-16 03:43:18,60.0,2022-09-15 08:27:06.825667
https://www.facebook.com/groups/781347675284086/permalink/1516087391810107,2017-11-02 17:36:23,26.0,2022-09-15 08:27:06.825667
https://www.facebook.com/groups/781347675284086/permalink/1096428150442702,2016-08-30 02:37:21,44.0,2022-09-15 08:27:06.825667
https://www.facebook.com/groups/781347675284086/permalink/2295637643855074,2019-06-25 02:50:37,27.0,2022-09-15 08:27:06.825667
https://www.facebook.com/groups/781347675284086/permalink/4418899461528871,2021-04-16 07:09:20,91.0,2022-09-15 08:27:06.825667
https://www.facebook.com/groups/781347675284086/permalink/1387841994634648,2017-06-16 04:46:52,26.0,2022-09-15 08:27:06.825667
https://www.facebook.com/groups/781347675284086/permalink/2104880269597480,2019-02-27 14:37:22,19.0,2022-09-15 08:27:06.825667
https://www.facebook.com/groups/781347675284086/permalink/1012717928813725,2016-04-21 14:45:23,21.0,2022-09-15 08:27:06.825667
https://www.facebook.com/groups/781347675284086/permalink/1611453265606852,2018-02-12 00:40:13,178.0,2022-09-15 08:27:06.825667
https://www.facebook.com/groups/781347675284086/permalink/1614795015272677,2018-02-15 14:09:10,54.0,2022-09-15 08:27:06.825667
https://www.facebook.com/groups/781347675284086/permalink/1442441315841382,2017-08-10 08:47:45,34.0,2022-09-15 08:27:06.825667
https://www.facebook.com/groups/781347675284086/permalink/1257411214344394,2017-02-07 13:25:10,49.0,2022-09-15 08:27:06.825667
https://www.facebook.com/groups/781347675284086/permalink/1436313049787542,2017-08-03 15:15:12,161.0,2022-09-15 08:27:06.825667
https://www.facebook.com/groups/781347675284086/permalink/3689016317850526,2020-07-30 03:25:36,101.0,2022-09-15 08:27:06.825667
https://www.facebook.com/groups/781347675284086/permalink/5652133411538797,2022-05-17 02:24:08,11.0,2022-09-15 08:27:06.825667
https://www.facebook.com/groups/781347675284086/permalink/1530267160392130,2017-11-18 09:28:28,42.0,2022-09-15 08:27:06.825667
https://www.facebook.com/groups/781347675284086/permalink/858635580888628,2015-07-08 05:55:22,204.0,2022-09-15 07:24:17.219707
https://www.facebook.com/groups/781347675284086/permalink/1458254557593391,2017-08-28 15:15:18,43.0,2022-09-15 07:24:17.219707
https://www.facebook.com/groups/781347675284086/permalink/1085968741488643,2016-08-17 05:08:51,223.0,2022-09-15 07:24:17.219707
https://www.facebook.com/groups/781347675284086/permalink/4537951909623625,2021-05-27 06:59:27,14.0,2022-09-15 07:24:17.219707
https://www.facebook.com/groups/781347675284086/permalink/2065594780192696,2019-02-02 07:13:55,39.0,2022-09-15 07:24:17.219707
https://www.facebook.com/groups/781347675284086/permalink/1425039554248225,2017-07-22 11:55:41,34.0,2022-09-15 07:24:17.219707
https://www.facebook.com/groups/781347675284086/permalink/1362794200472761,2017-05-22 07:23:38,18.0,2022-09-15 07:24:17.219707
https://www.facebook.com/groups/781347675284086/permalink/2306227309462774,2019-07-01 01:54:38,67.0,2022-09-15 07:24:17.219707
https://www.facebook.com/groups/781347675284086/permalink/2517073111711525,2019-10-23 07:17:56,2.0,2022-09-15 07:24:17.219707
https://www.facebook.com/groups/781347675284086/permalink/5369046599847481,2022-02-03 14:03:22,35.0,2022-09-15 07:24:17.219707
https://www.facebook.com/groups/781347675284086/permalink/1703053453113499,2018-05-15 15:21:00,6.0,2022-09-15 07:24:17.219707
https://www.facebook.com/groups/781347675284086/permalink/5589816431103829,2022-04-24 12:40:34,735.0,2022-09-15 07:24:17.219707
https://www.facebook.com/groups/781347675284086/permalink/2121658697919637,2019-03-11 02:30:23,12.0,2022-09-15 07:24:17.219707
https://www.facebook.com/groups/781347675284086/permalink/2417531254999045,2019-09-02 05:14:54,19.0,2022-09-15 07:24:17.219707
https://www.facebook.com/groups/781347675284086/permalink/988936134525238,2016-03-20 06:20:05,28.0,2022-09-15 07:24:17.219707
https://www.facebook.com/groups/781347675284086/permalink/1815555768529933,2018-08-07 03:29:17,53.0,2022-09-15 07:24:17.219707
https://www.facebook.com/groups/781347675284086/permalink/4971712856247526,2021-10-20 08:57:10,107.0,2022-09-15 07:24:17.219707
https://www.facebook.com/groups/781347675284086/permalink/5670209209731217,2022-05-23 01:52:56,20.0,2022-09-15 07:24:17.219707
https://www.facebook.com/groups/781347675284086/permalink/1061218193963698,2016-07-11 11:20:57,40.0,2022-09-15 07:24:17.219707
https://www.facebook.com/groups/781347675284086/permalink/1446796205405893,2017-08-15 04:54:52,20.0,2022-09-15 07:24:17.219707
https://www.facebook.com/groups/781347675284086/permalink/5745240388894765,2022-06-18 03:29:50,231.0,2022-09-15 07:24:17.219707
https://www.facebook.com/groups/781347675284086/permalink/4474694425949374,2021-05-06 04:52:19,46.0,2022-09-15 07:24:17.219707
https://www.facebook.com/groups/781347675284086/permalink/5827087110710092,2022-07-17 04:11:23,17.0,2022-09-15 07:24:17.219707
https://www.facebook.com/groups/781347675284086/permalink/897842536967932,2015-09-25 15:41:51,62.0,2022-09-15 07:24:17.219707
https://www.facebook.com/groups/781347675284086//permalink/1946254992126676,2022-07-06 07:43:13,165.0,2022-09-15 07:24:17.219741
https://www.facebook.com/groups/781347675284086/permalink/893050237447162,2015-09-15 13:18:25,115.0,2022-09-15 07:24:17.219741
https://www.facebook.com/groups/781347675284086/permalink/1612588358826676,2018-02-13 06:31:46,36.0,2022-09-15 07:24:17.219741
https://www.facebook.com/groups/781347675284086/permalink/928920017193517,2015-12-06 13:14:15,414.0,2022-09-15 07:24:17.219741
https://www.facebook.com/groups/781347675284086/permalink/2090623261023181,2019-02-18 04:18:56,35.0,2022-09-15 07:24:17.219741
https://www.facebook.com/groups/781347675284086/permalink/5956365854448883,2022-09-02 12:51:46,20.0,2022-09-15 07:24:17.219741
https://www.facebook.com/groups/781347675284086/permalink/5737469013005236,2022-06-15 10:56:26,61.0,2022-09-15 07:24:17.219741
https://www.facebook.com/groups/781347675284086/permalink/1022446671174184,2016-05-08 08:43:54,169.0,2022-09-15 07:24:17.219741
https://www.facebook.com/groups/781347675284086/permalink/1480257252059788,2017-09-23 03:28:22,23.0,2022-09-15 07:24:17.219741
https://www.facebook.com/groups/781347675284086/permalink/5606419046110234,2022-04-30 16:07:11,11.0,2022-09-15 07:24:17.219741
https://www.facebook.com/groups/781347675284086/permalink/2536357929783043,2019-11-01 15:27:05,40.0,2022-09-15 07:24:17.219741
https://www.facebook.com/groups/781347675284086/permalink/1511515172267329,2017-10-28 15:38:19,19.0,2022-09-15 07:24:17.219741
https://www.facebook.com/groups/781347675284086/permalink/3920657934686362,2020-10-14 13:04:43,207.0,2022-09-15 07:24:17.219741
https://www.facebook.com/groups/781347675284086/permalink/1467762853309228,2017-09-08 09:09:16,70.0,2022-09-15 07:24:17.219741
https://www.facebook.com/groups/781347675284086/permalink/2171007706318069,2019-04-12 08:34:43,25.0,2022-09-15 07:24:17.219741
https://www.facebook.com/groups/781347675284086/permalink/2639564049462430,2019-12-19 04:49:57,9.0,2022-09-15 07:24:17.219741
https://www.facebook.com/groups/781347675284086/permalink/4498490100236473,2021-05-14 01:55:14,12.0,2022-09-15 07:24:17.219741
https://www.facebook.com/groups/781347675284086/permalink/3955137657905056,2020-10-27 12:52:34,39.0,2022-09-15 07:24:17.219741
https://www.facebook.com/groups/781347675284086/permalink/1020554774696707,2016-05-05 03:53:20,89.0,2022-09-15 07:24:17.219741
https://www.facebook.com/groups/781347675284086/permalink/1055587091193475,2016-07-02 04:03:58,221.0,2022-09-15 07:24:17.219741
https://www.facebook.com/groups/781347675284086/permalink/2240812772670895,2019-05-25 06:55:11,48.0,2022-09-15 07:24:17.219741
https://www.facebook.com/groups/781347675284086/permalink/2145915325493974,2019-03-27 02:47:04,52.0,2022-09-15 07:24:17.219741
https://www.facebook.com/groups/781347675284086/permalink/2236894783062694,2019-05-23 01:57:27,28.0,2022-09-15 07:24:17.219741
https://www.facebook.com/groups/781347675284086/permalink/1476890429063137,2017-09-19 07:40:31,49.0,2022-09-15 07:24:17.219741
https://www.facebook.com/groups/781347675284086/permalink/1098893666862817,2016-09-02 04:01:08,93.0,2022-09-15 06:28:36.705025
https://www.facebook.com/groups/781347675284086/permalink/1951481718270670,2018-11-13 04:10:01,140.0,2022-09-15 06:28:36.705025
https://www.facebook.com/groups/781347675284086/permalink/1283184008433781,2017-03-04 11:21:44,26.0,2022-09-15 06:28:36.705025
https://www.facebook.com/groups/781347675284086/permalink/2155417354543771,2019-04-02 04:57:21,185.0,2022-09-15 06:28:36.705025
https://www.facebook.com/groups/781347675284086/permalink/1911614235590752,2018-10-17 03:13:22,11.0,2022-09-15 06:28:36.705025
https://www.facebook.com/groups/781347675284086/permalink/789786581106862,2015-02-15 13:34:53,52.0,2022-09-15 06:28:36.705025
https://www.facebook.com/groups/781347675284086/permalink/1329903587095156,2017-04-16 09:25:56,11.0,2022-09-15 06:28:36.705025
https://www.facebook.com/groups/781347675284086/permalink/1812970038788506,2018-08-05 12:54:04,109.0,2022-09-15 06:28:36.705025
https://www.facebook.com/groups/781347675284086/permalink/2014574615294713,2018-12-29 10:14:59,32.0,2022-09-15 06:28:36.705025
https://www.facebook.com/groups/781347675284086/permalink/5005932342825577,2021-10-31 06:51:45,55.0,2022-09-15 06:28:36.705025
https://www.facebook.com/groups/781347675284086/permalink/1879673295451513,2018-09-21 12:15:57,11.0,2022-09-15 06:28:36.705025
https://www.facebook.com/groups/781347675284086/permalink/5031374476948030,2021-11-08 11:10:15,104.0,2022-09-15 06:28:36.705025
https://www.facebook.com/groups/781347675284086/permalink/1476332499118930,2017-09-18 14:02:23,30.0,2022-09-15 06:28:36.705025
https://www.facebook.com/groups/781347675284086/permalink/966520750100110,2016-02-12 01:18:24,35.0,2022-09-15 06:28:36.705025
https://www.facebook.com/groups/781347675284086/permalink/5864073690344767,2022-07-31 05:04:27,80.0,2022-09-15 06:28:36.705025
https://www.facebook.com/groups/781347675284086/permalink/5661702333915238,2022-05-20 09:20:25,30.0,2022-09-15 06:28:36.705025
https://www.facebook.com/groups/781347675284086/permalink/1488637937888386,2017-10-03 08:40:13,15.0,2022-09-15 06:28:36.705025
https://www.facebook.com/groups/781347675284086/permalink/1431582826927231,2017-07-29 04:24:22,119.0,2022-09-15 06:28:36.705025
https://www.facebook.com/groups/781347675284086/permalink/1284161621669353,2017-03-05 11:21:44,39.0,2022-09-15 06:28:36.705025
https://www.facebook.com/groups/781347675284086/permalink/914376651981187,2015-11-05 06:38:50,89.0,2022-09-15 06:28:36.705025
https://www.facebook.com/groups/781347675284086/permalink/1282931155125733,2017-03-04 05:11:27,8.0,2022-09-15 06:28:36.705025
https://www.facebook.com/groups/781347675284086/permalink/1118263628259154,2016-09-26 10:10:25,44.0,2022-09-15 06:28:36.705025
https://www.facebook.com/groups/781347675284086/permalink/2269411346477704,2019-06-10 05:57:18,79.0,2022-09-15 06:28:36.705025
https://www.facebook.com/groups/781347675284086/permalink/913532195398966,2015-11-03 04:32:22,256.0,2022-09-15 06:28:36.705025
https://www.facebook.com/groups/781347675284086/permalink/1886387888113387,2018-09-27 03:56:22,14.0,2022-09-15 06:28:36.705220
https://www.facebook.com/groups/781347675284086/permalink/1417750764977104,2017-07-15 05:43:37,30.0,2022-09-15 06:28:36.705220
https://www.facebook.com/groups/781347675284086/permalink/2305655892853249,2019-06-30 17:46:37,20.0,2022-09-15 06:28:36.705220
https://www.facebook.com/groups/781347675284086/permalink/2403214526430718,2019-08-25 06:09:51,26.0,2022-09-15 06:28:36.705220
https://www.facebook.com/groups/781347675284086/permalink/5650002921751846,2022-05-16 08:36:24,102.0,2022-09-15 06:28:36.705220
https://www.facebook.com/groups/781347675284086/permalink/1730216293730548,2018-06-12 04:20:49,21.0,2022-09-15 06:28:36.705220
https://www.facebook.com/groups/781347675284086/permalink/5714761821942622,2022-06-07 06:04:04,103.0,2022-09-15 06:28:36.705220
https://www.facebook.com/groups/781347675284086/permalink/2233716770047162,2019-05-21 06:56:06,29.0,2022-09-15 06:28:36.705220
https://www.facebook.com/groups/781347675284086/permalink/1231050866980429,2017-01-10 14:26:02,74.0,2022-09-15 06:28:36.705220
https://www.facebook.com/groups/781347675284086/permalink/2292194467532725,2019-06-23 03:19:38,71.0,2022-09-15 06:28:36.705220
https://www.facebook.com/groups/781347675284086/permalink/915808758504643,2015-11-08 11:43:09,60.0,2022-09-15 06:28:36.705220
https://www.facebook.com/groups/781347675284086/permalink/3831156513636505,2020-09-15 14:45:31,84.0,2022-09-15 06:28:36.705220
https://www.facebook.com/groups/781347675284086/permalink/5658372404248231,2022-05-19 07:00:32,76.0,2022-09-15 06:28:36.705220
https://www.facebook.com/groups/781347675284086/permalink/1024815284270656,2016-05-12 10:35:39,188.0,2022-09-15 06:28:36.705220
https://www.facebook.com/groups/781347675284086/permalink/2232384473513725,2019-05-20 12:21:56,20.0,2022-09-15 06:28:36.705220
https://www.facebook.com/groups/781347675284086/permalink/1405739342844913,2017-07-03 01:44:16,26.0,2022-09-15 06:28:36.705220
https://www.facebook.com/groups/781347675284086/permalink/1516100371808809,2017-11-02 17:57:34,37.0,2022-09-15 06:28:36.705220
https://www.facebook.com/groups/781347675284086/permalink/1253590048059844,2017-02-03 11:48:28,120.0,2022-09-15 06:28:36.705220
https://www.facebook.com/groups/781347675284086/permalink/2051015264983981,2019-01-23 11:41:38,52.0,2022-09-15 06:28:36.705220
https://www.facebook.com/groups/781347675284086/permalink/2128717807213726,2019-03-16 03:07:11,11.0,2022-09-15 06:28:36.705220
https://www.facebook.com/groups/781347675284086/permalink/866998030052383,2015-07-27 01:47:10,252.0,2022-09-15 06:28:36.705220
https://www.facebook.com/groups/781347675284086/permalink/916126478472871,2015-11-09 05:34:16,183.0,2022-09-15 06:28:36.705220
https://www.facebook.com/groups/781347675284086/permalink/806420302776823,2015-03-20 05:14:20,32.0,2022-09-15 06:28:36.705220
https://www.facebook.com/groups/781347675284086/permalink/2342848679133970,2019-07-22 00:40:16,124.0,2022-09-15 06:28:36.705220
